temperature_celsius,condition_text,wind_kph,wind_degree,pressure_mb,precip_mm,humidity,cloud,feels_like_celsius,visibility_km,uv_index,gust_kph,air_quality_us-epa-index,sunrise_num,sunset_num
0.46875,0,0.0,0.016853932584269662,0.470588235294116,0.22959183673469385,0.9999999999999999,0.75,0.3712574850299401,0.3081761006289308,0.0,0.18769716088328076,0.0,0.30246913580246915,0.5276381909547734
0.375,1,0.04512635379061371,0.4101123595505618,0.6764705882352935,0.0,0.875,0.0,0.311377245508982,0.3081761006289308,0.0,0.165615141955836,0.0,0.308641975308642,0.5175879396984921
0.5,2,0.0072202166064981865,0.8595505617977528,0.588235294117645,0.0,0.9999999999999999,0.5,0.39121756487025944,0.3081761006289308,0.0,0.2271293375394322,0.2,0.32098765432098775,0.4924623115577891
0.4375,1,0.0,0.16853932584269662,0.6470588235294095,0.0,0.875,0.0,0.35129740518962077,0.3081761006289308,0.0,0.11987381703470033,0.4000000000000001,0.3950617283950617,0.391959798994975
0.4375,2,0.0,0.22191011235955055,0.4411764705882355,0.0,0.71875,0.25,0.35129740518962077,0.3081761006289308,0.0,0.11987381703470033,0.0,0.3765432098765431,0.5376884422110555
0.625,2,0.04512635379061371,0.18539325842696627,0.588235294117645,0.0,0.8229166666666666,0.25,0.5109780439121757,0.3081761006289308,0.0,0.2618296529968455,0.0,0.4012345679012346,0.4924623115577891
0.625,0,0.0,0.3848314606741573,0.617647058823529,0.0,0.8229166666666666,0.5,0.49700598802395207,0.24528301886792453,0.0,0.21608832807570982,0.0,0.4382716049382718,0.43718592964824143
0.75,3,0.20758122743682308,0.24157303370786518,0.588235294117645,0.01530612244897959,0.78125,0.75,0.6506986027944112,0.3081761006289308,0.0,0.5788643533123029,0.0,0.2283950617283952,0.25125628140703515
0.75,4,0.20758122743682308,0.2696629213483146,0.588235294117645,0.00510204081632653,0.78125,0.5,0.6526946107784432,0.3081761006289308,0.0,0.5173501577287066,0.0,0.23456790123456805,0.24623115577889454
0.6875,4,0.04512635379061371,0.2696629213483146,0.588235294117645,0.00510204081632653,0.78125,0.62,0.5688622754491018,0.3081761006289308,0.0,0.4889589905362777,0.0,0.23456790123456805,0.2261306532663312
0.75,2,0.09747292418772563,0.18539325842696627,0.5,0.012244897959183671,0.6875,0.25,0.6367265469061876,0.3081761006289308,0.625,0.33911671924290226,0.0,0.2469135802469138,0.17587939698492416
0.75,4,0.09747292418772563,0.2696629213483146,0.5,0.001020408163265306,0.7395833333333334,0.5,0.6387225548902196,0.3081761006289308,0.625,0.46845425867507895,0.0,0.2469135802469138,0.1557788944723617
0.1875,1,0.20758122743682308,0.21348314606741572,0.705882352941174,0.0,0.8125,0.0,0.16966067864271459,0.3081761006289308,0.0,0.2728706624605679,0.0,0.7469135802469138,0.3115577889447234
0.1875,4,0.20758122743682308,0.4662921348314607,0.5294117647058805,0.01020408163265306,0.9375,1.0,0.15568862275449102,0.3081761006289308,0.0,0.329652996845426,0.0,0.7098765432098766,0.32160804020100464
0.21875,1,0.37003610108303253,0.3258426966292135,0.735294117647058,0.0,0.7604166666666666,0.0,0.16966067864271459,0.3081761006289308,0.0,0.49369085173501587,0.0,0.6851851851851851,0.33668341708542737
0.34375,1,0.4422382671480144,0.4382022471910112,0.470588235294116,0.002040816326530612,0.4895833333333333,0.0,0.29141716566866266,0.3081761006289308,0.0,0.5141955835962145,0.0,0.5864197530864197,0.37185929648241167
0.3125,2,0.4422382671480144,0.3258426966292135,0.705882352941174,0.0,0.7604166666666666,0.75,0.2475049900199601,0.3081761006289308,0.0,0.3974763406940064,0.0,0.574074074074074,0.3819095477386938
0.34375,3,0.299638989169675,0.3258426966292135,0.5588235294117645,0.004081632653061224,0.9375,1.0,0.29141716566866266,0.07232704402515723,0.0,0.39274447949526825,0.0,0.5617283950617287,0.3819095477386938
0.59375,1,0.09747292418772563,0.10112359550561797,0.588235294117645,0.0,0.3333333333333333,0.0,0.47504990019960075,0.3081761006289308,0.0,0.34700315457413256,0.0,0.44444444444444464,0.6180904522613062
0.625,1,0.27978339350180503,1.0,0.5,0.0,0.3645833333333333,0.0,0.4930139720558882,0.3081761006289308,0.0,0.2791798107255521,0.0,0.48765432098765427,0.5628140703517586
0.28125,3,0.0,0.016853932584269662,0.6470588235294095,0.0,0.9375,0.75,0.25748502994011974,0.18238993710691825,0.0,0.08044164037854891,0.0,0.5123456790123457,0.5226130653266328
0.40625,1,0.0,0.016853932584269662,0.6764705882352935,0.0,0.3645833333333333,0.0,0.3313373253493014,0.3081761006289308,0.0,0.38012618296529976,0.0,0.5246913580246915,0.5025125628140703
0.125,1,0.09747292418772563,1.0,0.9117647058823515,0.0,0.9270833333333334,0.0,0.13972055888223556,0.3081761006289308,0.375,0.11356466876971612,0.0,0.30246913580246915,0.10050251256281406
0.34375,1,0.05776173285198555,0.6910112359550561,0.6470588235294095,0.00510204081632653,0.7604166666666666,0.0,0.29141716566866266,0.3081761006289308,0.0,0.194006309148265,0.0,0.3333333333333335,0.6331658291457289
0.375,1,0.13718411552346568,0.6067415730337078,0.6470588235294095,0.0,0.7083333333333334,0.0,0.311377245508982,0.3081761006289308,0.0,0.0993690851735016,0.0,0.49382716049382713,0.43718592964824143
0.875,1,0.09747292418772563,0.24157303370786518,0.1764705882352935,0.0,0.65625,0.0,0.7664670658682634,0.3081761006289308,0.0,0.18138801261829657,0.2,0.006172839506172867,0.13567839195979925
0.90625,1,0.09747292418772563,0.747191011235955,0.235294117647058,0.0,0.44791666666666663,0.0,0.8003992015968064,0.3081761006289308,0.0,0.4369085173501578,0.4000000000000001,0.012345679012345734,0.12562814070351713
0.90625,5,0.09747292418772563,0.550561797752809,0.1764705882352935,0.0,0.7916666666666666,0.0,0.8982035928143712,0.13522012578616352,0.0,0.22239747634069407,0.4000000000000001,0.024691358024691468,0.10050251256281406
0.84375,1,0.13718411552346568,0.8876404494382022,0.26470588235293846,0.0,0.6145833333333334,0.0,0.7105788423153693,0.3081761006289308,0.0,0.3233438485804417,0.2,0.0555555555555558,0.020100502512562457
0.90625,4,0.03249097472924188,0.7162921348314606,0.14705882352940947,0.0,0.49999999999999994,0.7000000000000001,0.7624750499001997,0.3081761006289308,0.75,0.10883280757097794,0.6000000000000001,0.1419753086419755,0.2311557788944727
0.725,3,0.13718411552346568,0.5308988764044943,0.26470588235293846,0.00510204081632653,0.8125,0.8,0.6327345309381238,0.3081761006289308,0.0,0.26656151419558366,0.6000000000000001,0.14814814814814836,0.2261306532663312
0.771875,6,0.07220216606498192,0.6516853932584269,0.235294117647058,0.01020408163265306,0.7291666666666666,0.53,0.6746506986027945,0.3081761006289308,0.0,0.194006309148265,0.4000000000000001,0.15432098765432123,0.21105527638190935
0.7,2,0.012635379061371826,0.4606741573033708,0.20588235294117396,0.0,0.8125,0.48,0.5988023952095809,0.3081761006289308,0.0,0.09621451104100948,0.2,0.15432098765432123,0.20603015075376874
0.725,3,0.05776173285198555,0.4634831460674157,0.235294117647058,0.00510204081632653,0.8229166666666666,0.59,0.6347305389221558,0.3081761006289308,0.0,0.1593059936908518,0.2,0.1604938271604941,0.20100502512562812
0.68125,4,0.22021660649819494,0.3061797752808989,0.26470588235293846,0.0,0.8541666666666666,1.0,0.5828343313373254,0.3081761006289308,0.0,0.33596214511041017,0.0,0.1604938271604941,0.1959798994974875
0.65625,6,0.25270758122743686,0.4157303370786517,0.235294117647058,0.02551020408163265,0.9270833333333334,1.0,0.5688622754491018,0.3081761006289308,0.0,0.39274447949526825,0.0,0.1604938271604941,0.1909547738693469
0.64375,2,0.10469314079422382,0.351123595505618,0.2941176470588225,0.0,0.9270833333333334,0.48,0.5528942115768464,0.3081761006289308,0.0,0.23343848580441645,0.2,0.16666666666666696,0.18592964824120628
0.69375,4,0.11732851985559564,0.4269662921348314,0.20588235294117396,0.0,0.8541666666666666,0.86,0.5988023952095809,0.3081761006289308,0.0,0.23343848580441645,0.0,0.17283950617283939,0.17085427135678355
0.671875,0,0.09747292418772563,0.4157303370786517,0.32352941176470296,0.0,0.8854166666666666,0.26,0.5808383233532934,0.27672955974842767,0.0,0.20977917981072558,0.0,0.17901234567901225,0.1507537688442211
0.68125,3,0.16967509025270758,0.3455056179775281,0.235294117647058,0.002040816326530612,0.8541666666666666,0.8,0.5808383233532934,0.3081761006289308,0.0,0.3075709779179811,0.4000000000000001,0.17901234567901225,0.14070351758793986
0.61875,7,0.24007220216606492,0.3370786516853932,0.26470588235293846,0.23979591836734693,0.9270833333333334,0.78,0.5249500998003992,0.2138364779874214,0.0,0.38012618296529976,0.0,0.18518518518518512,0.13567839195979925
0.6375,3,0.14981949458483754,0.3539325842696629,0.32352941176470296,0.07908163265306122,0.9479166666666666,0.51,0.5489021956087824,0.27672955974842767,0.0,0.3091482649842272,0.0,0.18518518518518512,0.12060301507537652
0.65625,3,0.16245487364620936,0.3848314606741573,0.32352941176470296,0.011734693877551019,0.9166666666666666,0.78,0.564870259481038,0.27672955974842767,0.0,0.3264984227129338,0.0,0.191358024691358,0.11055276381909529
0.53125,1,0.13718411552346568,0.24157303370786518,0.5,0.0,0.59375,0.0,0.4590818363273453,0.3081761006289308,0.625,0.3233438485804417,0.0,0.3456790123456792,0.7788944723618094
0.15625,5,0.0072202166064981865,0.8876404494382022,0.9411764705882355,0.0,0.9999999999999999,0.0,0.17764471057884235,0.3081761006289308,0.0,0.10883280757097794,0.0,0.40740740740740744,0.708542713567839
0.28125,1,0.05776173285198555,0.6348314606741573,0.7941176470588225,0.0,0.875,0.0,0.2335329341317365,0.3081761006289308,0.0,0.40378548895899063,0.0,0.4197530864197532,0.6984924623115578
0.28125,4,0.3321299638989169,0.9719101123595505,0.617647058823529,0.0,0.9999999999999999,1.0,0.2215568862275449,0.2138364779874214,0.0,0.414826498422713,0.0,0.5185185185185186,0.5879396984924625
0.03125,5,0.0,0.17134831460674158,0.9411764705882355,0.0,0.9999999999999999,0.0,0.0499001996007984,0.27672955974842767,0.0,0.3123028391167193,0.0,0.5308641975308643,0.5728643216080398
0.375,1,0.13718411552346568,0.4101123595505618,0.6470588235294095,0.0,0.8229166666666666,0.0,0.311377245508982,0.3081761006289308,0.0,0.39432176656151424,0.0,0.5617283950617287,0.5376884422110555
0.46875,1,0.05776173285198555,0.4662921348314607,0.6470588235294095,0.0,0.8229166666666666,0.0,0.3712574850299401,0.3081761006289308,0.0,0.2839116719242903,0.0,0.6728395061728394,0.8140703517587937
0.40625,3,0.16967509025270758,0.7752808988764044,0.5588235294117645,0.0,0.9375,0.5,0.3313373253493014,0.24528301886792453,0.0,0.2507886435331231,0.2,0.7222222222222223,0.7587939698492461
0.34375,1,0.04512635379061371,0.3258426966292135,0.5588235294117645,0.0,0.8125,0.0,0.29141716566866266,0.3081761006289308,0.0,0.23817034700315465,0.2,0.7530864197530867,0.7286432160804024
0.25,1,0.0,0.398876404494382,0.7941176470588225,0.0,0.9999999999999999,0.0,0.2415169660678643,0.3081761006289308,0.0,0.11987381703470033,0.2,0.3271604938271606,0.5527638190954773
0.4375,1,0.0,0.4859550561797753,0.6470588235294095,0.0066326530612244895,0.875,0.0,0.35129740518962077,0.3081761006289308,0.0,0.2271293375394322,0.0,0.44444444444444464,0.39698492462311563
0.40625,8,0.0,0.9719101123595505,0.705882352941174,0.0,0.7604166666666666,1.0,0.3313373253493014,0.3081761006289308,0.0,0.09148264984227131,0.0,0.5987654320987654,0.733668341708543
0.3125,3,0.0,0.14044943820224717,0.6764705882352935,0.12755102040816324,0.9375,1.0,0.2714570858283433,0.3081761006289308,0.0,0.17665615141955837,0.0,0.6049382716049383,0.7236180904522609
0.596875,3,0.25270758122743686,0.5786516853932584,0.5294117647058805,0.05612244897959184,0.8541666666666666,0.79,0.4950099800399201,0.27672955974842767,0.0,0.40851735015772883,0.4000000000000001,0.2469135802469138,0.2261306532663312
0.65,3,0.11010830324909746,0.595505617977528,0.5294117647058805,0.00510204081632653,0.7708333333333334,0.85,0.532934131736527,0.3081761006289308,0.0,0.2618296529968455,0.2,0.2469135802469138,0.21105527638190935
0.69375,3,0.18772563176895304,0.5308988764044943,0.5,0.00510204081632653,0.6979166666666666,0.84,0.5608782435129741,0.3081761006289308,0.0,0.4211356466876972,0.6000000000000001,0.2469135802469138,0.20100502512562812
0.703125,2,0.0,0.05056179775280899,0.470588235294116,0.0,0.6666666666666666,0.44,0.56686626746507,0.3081761006289308,0.0,0.05678233438485805,0.4000000000000001,0.2469135802469138,0.1959798994974875
0.65,3,0.12996389891696752,0.5280898876404494,0.5588235294117645,0.01020408163265306,0.7604166666666666,0.89,0.532934131736527,0.3081761006289308,0.0,0.29495268138801267,0.2,0.2469135802469138,0.1909547738693469
0.6875,2,0.05776173285198555,0.5786516853932584,0.5294117647058805,0.0,0.8854166666666666,0.25,0.5608782435129741,0.3081761006289308,0.0,0.3233438485804417,0.2,0.24074074074074092,0.16080402010050232
0.58125,3,0.04512635379061371,0.17696629213483145,0.5294117647058805,0.00510204081632653,0.6875,0.85,0.4790419161676646,0.3081761006289308,0.0,0.10883280757097794,0.2,0.27160493827160526,0.1507537688442211
0.553125,1,0.0,0.18820224719101122,0.470588235294116,0.0,0.6041666666666666,0.07,0.46706586826347307,0.3081761006289308,0.0,0.045741324921135654,0.4000000000000001,0.24074074074074092,0.13567839195979925
0.384375,3,0.012635379061371826,0.033707865168539325,0.588235294117645,0.0035714285714285713,0.8541666666666666,0.85,0.31736526946107785,0.3081761006289308,0.0,0.1246056782334385,0.2,0.23456790123456805,0.13065326633165864
0.6875,2,0.27978339350180503,0.016853932584269662,0.5,0.0,0.7291666666666666,0.5,0.564870259481038,0.3081761006289308,0.0,0.5504731861198738,0.0,0.40740740740740744,0.3517587939698492
0.6875,2,0.20758122743682308,0.4662921348314607,0.5,0.00510204081632653,0.8333333333333334,0.25,0.5968063872255489,0.3081761006289308,0.0,0.5630914826498423,0.0,0.40740740740740744,0.3467336683417086
0.65625,2,0.0,0.4550561797752809,0.352941176470587,0.002040816326530612,0.9999999999999999,0.75,0.5608782435129741,0.27672955974842767,0.0,0.16403785488958994,0.6000000000000001,0.2098765432098766,0.12562814070351713
0.53125,2,0.24007220216606492,0.550561797752809,0.5,0.0,0.71875,0.5,0.4630738522954092,0.7484276729559749,0.625,0.5741324921135648,0.0,0.42592592592592604,0.6331658291457289
0.4375,3,0.13718411552346568,0.24157303370786518,0.5294117647058805,0.0,0.875,1.0,0.35129740518962077,0.7484276729559749,0.5,0.20977917981072558,0.0,0.5,0.5376884422110555
0.625,8,0.04512635379061371,0.8595505617977528,0.470588235294116,0.07142857142857141,0.9375,0.75,0.5369261477045909,0.3081761006289308,0.0,0.14195583596214512,0.2,0.14814814814814836,0.09045226130653283
0.59375,0,0.04512635379061371,0.8595505617977528,0.5588235294117645,0.07142857142857141,0.9375,0.25,0.5069860279441119,0.24528301886792453,0.0,0.08517350157728708,0.0,0.14814814814814836,0.09045226130653283
0.53125,3,0.0,0.7078651685393258,0.470588235294116,0.05612244897959184,0.9687499999999999,0.8300000000000001,0.4630738522954092,0.27672955974842767,0.0,0.09148264984227131,0.0,0.1419753086419755,0.0804020100502516
0.59375,2,0.05776173285198555,0.9157303370786516,0.5,0.0,0.9375,0.25,0.5089820359281437,0.24528301886792453,0.0,0.09621451104100948,0.0,0.13580246913580263,0.07035175879396949
0.625,2,0.0,0.016853932584269662,0.5294117647058805,0.0,0.8854166666666666,0.25,0.5369261477045909,0.24528301886792453,0.0,0.04889589905362777,0.0,0.1234567901234569,0.055276381909547645
0.59375,0,0.0,0.016853932584269662,0.5294117647058805,0.0,0.9375,0.25,0.502994011976048,0.24528301886792453,0.0,0.11987381703470033,0.0,0.1234567901234569,0.05025125628140703
0.25,4,0.09747292418772563,0.4662921348314607,0.617647058823529,0.0,0.6041666666666666,1.0,0.24351297405189623,0.3081761006289308,0.0,0.034700315457413256,0.6000000000000001,0.6481481481481484,0.2613065326633164
0.28125,2,0.24007220216606492,0.6067415730337078,0.735294117647058,0.01020408163265306,0.7083333333333334,0.75,0.25948103792415167,0.3081761006289308,0.0,0.09148264984227131,0.8,1.0,0.5728643216080398
0.21875,5,0.04512635379061371,0.8876404494382022,0.617647058823529,0.0,0.875,0.75,0.2215568862275449,0.1509433962264151,0.0,0.05205047318611988,1.0000000000000002,0.9876543209876543,0.5778894472361804
0.125,7,0.3321299638989169,0.5224719101123595,0.705882352941174,0.0,0.8645833333333334,1.0,0.14570858283433133,0.18238993710691825,0.0,0.0741324921135647,0.4000000000000001,0.9753086419753085,0.5829145728643219
0.25,4,0.0,0.6348314606741573,0.5588235294117645,0.0,0.7604166666666666,1.0,0.23752495009980043,0.3081761006289308,0.25,0.06782334384858045,1.0000000000000002,0.9444444444444446,0.5929648241206031
0.5,1,0.05776173285198555,0.016853932584269662,0.4411764705882355,0.01020408163265306,0.9375,0.0,0.39121756487025944,0.3081761006289308,0.375,0.13722397476340698,0.6000000000000001,0.14814814814814836,0.3869346733668344
0.625,5,0.0,0.23876404494382023,0.588235294117645,0.0,0.9375,0.0,0.5149700598802396,0.08176100628930817,0.625,0.09148264984227131,1.0000000000000002,0.17901234567901225,0.3467336683417086
0.5625,5,0.0,0.401685393258427,0.588235294117645,0.0,0.9999999999999999,0.0,0.47305389221556887,0.08176100628930817,0.625,0.034700315457413256,1.0000000000000002,0.191358024691358,0.33165829145728676
0.59375,5,0.0072202166064981865,0.21348314606741572,0.5294117647058805,0.0,0.9999999999999999,0.0,0.48902195608782434,0.08176100628930817,0.5,0.08044164037854891,1.0000000000000002,0.191358024691358,0.32160804020100464
0.5,5,0.0072202166064981865,0.10112359550561797,0.382352941176471,0.0,0.9999999999999999,0.75,0.39121756487025944,0.07232704402515723,0.5,0.028391167192429026,0.8,0.2098765432098766,0.29648241206030157
0.3125,1,0.0072202166064981865,0.0449438202247191,0.823529411764703,0.0,0.9375,0.0,0.2874251497005988,0.3081761006289308,0.0,0.01577287066246057,1.0000000000000002,0.2777777777777777,0.20100502512562812
0.571875,3,0.37003610108303253,0.3876404494382022,0.705882352941174,0.01020408163265306,0.8125,0.76,0.47704590818363274,0.3081761006289308,0.0,0.43217665615141965,0.0,0.3456790123456792,0.1557788944723617
0.5625,2,0.04512635379061371,0.2696629213483146,0.5294117647058805,0.0,0.8229166666666666,0.25,0.47305389221556887,0.3081761006289308,0.0,0.14826498422712936,0.0,0.32098765432098775,0.1557788944723617
0.584375,1,0.02527075812274368,0.014044943820224719,0.588235294117645,0.0,0.7604166666666666,0.19,0.4830339321357286,0.3081761006289308,0.0,0.09305993690851735,0.0,0.27160493827160526,0.1507537688442211
0.60625,1,0.05234657039711191,0.17696629213483145,0.617647058823529,0.0,0.7083333333333334,0.11,0.4930139720558882,0.3081761006289308,0.0,0.12618296529968454,0.0,0.2592592592592595,0.1507537688442211
0.596875,1,0.07220216606498192,0.03932584269662921,0.617647058823529,0.0,0.7916666666666666,0.12,0.4910179640718562,0.3081761006289308,0.0,0.14195583596214512,0.0,0.25308641975308666,0.1507537688442211
0.34375,5,0.0,0.6910112359550561,0.5588235294117645,0.0,0.9375,0.0,0.29141716566866266,0.3081761006289308,0.0,0.10883280757097794,0.2,0.4506172839506175,0.5175879396984921
0.25,4,0.09747292418772563,0.8876404494382022,0.352941176470587,0.00510204081632653,0.9375,1.0,0.2215568862275449,0.3081761006289308,0.25,0.14195583596214512,0.0,0.3456790123456792,0.708542713567839
0.25,4,0.13718411552346568,0.7752808988764044,0.352941176470587,0.00510204081632653,0.9375,1.0,0.23153692614770457,0.3081761006289308,0.0,0.13091482649842273,0.0,0.3518518518518521,0.6934673366834172
0.40625,1,0.04512635379061371,0.5224719101123595,0.6764705882352935,0.0,0.71875,0.0,0.3313373253493014,0.3081761006289308,0.0,0.06309148264984228,0.4000000000000001,0.4567901234567904,0.5778894472361804
0.5,1,0.05776173285198555,0.4101123595505618,0.5294117647058805,0.0,0.6770833333333334,0.0,0.39121756487025944,0.3081761006289308,0.0,0.13722397476340698,0.2,0.46296296296296324,0.5678391959798992
0.28125,1,0.24007220216606492,0.5224719101123595,0.588235294117645,0.0,0.7604166666666666,0.0,0.23952095808383236,0.3081761006289308,0.0,0.33438485804416407,0.0,0.5370370370370372,0.47738693467336635
0.34375,1,0.09747292418772563,0.4101123595505618,0.470588235294116,0.0,0.7083333333333334,0.0,0.29141716566866266,0.3081761006289308,0.0,0.19242902208201895,0.0,0.5493827160493829,0.4673366834170851
0.85625,1,0.039711191335740054,0.6067415730337078,0.2941176470588225,0.0,0.5520833333333334,0.08,0.718562874251497,0.3081761006289308,0.0,0.17034700315457418,0.2,0.25308641975308666,0.22110552763819058
0.784375,1,0.12274368231046931,0.14325842696629212,0.2941176470588225,0.0,0.6979166666666666,0.03,0.6766467065868264,0.3081761006289308,0.0,0.24447949526813884,0.0,0.25308641975308666,0.1959798994974875
1.0,5,0.37003610108303253,0.2696629213483146,0.1764705882352935,0.0,0.4270833333333333,0.25,0.9700598802395209,0.24528301886792453,0.875,0.3233438485804417,0.4000000000000001,0.25308641975308666,0.18090452261306567
0.875,5,0.16967509025270758,0.5786516853932584,0.235294117647058,0.0,0.5416666666666666,0.0,0.7544910179640719,0.24528301886792453,0.0,0.414826498422713,0.4000000000000001,0.25308641975308666,0.17085427135678355
1.0,5,0.20758122743682308,0.5224719101123595,0.26470588235293846,0.0,0.3958333333333333,0.5,0.9860279441117764,0.2138364779874214,0.0,0.5788643533123029,0.4000000000000001,0.25308641975308666,0.16582914572864293
0.725,6,0.29241877256317694,0.23033707865168537,0.588235294117645,0.03061224489795918,0.78125,0.62,0.6227544910179641,0.3081761006289308,0.0,0.3974763406940064,0.0,0.2283950617283952,0.2361809045226133
0.728125,6,0.29241877256317694,0.21629213483146068,0.617647058823529,0.0510204081632653,0.78125,0.8,0.626746506986028,0.3081761006289308,0.0,0.3974763406940064,0.0,0.2283950617283952,0.2311557788944727
0.6875,2,0.0072202166064981865,0.6629213483146067,0.5588235294117645,0.01020408163265306,0.8854166666666666,0.25,0.5728542914171657,0.3081761006289308,0.0,0.37539432176656157,0.0,0.2283950617283952,0.2261306532663312
0.75,2,0.0,0.016853932584269662,0.5,0.00510204081632653,0.8333333333333334,0.25,0.6387225548902196,0.3081761006289308,0.625,0.29495268138801267,0.0,0.23456790123456805,0.17587939698492416
0.721875,4,0.05776173285198555,0.21348314606741572,0.470588235294116,0.0,0.90625,0.75,0.6626746506986029,0.24528301886792453,0.625,0.23028391167192436,0.0,0.44444444444444464,0.32160804020100464
0.71875,8,0.24007220216606492,0.5224719101123595,0.5,0.01530612244897959,0.78125,0.5,0.656686626746507,0.3081761006289308,0.5,0.2271293375394322,0.0,0.18518518518518512,0.17085427135678355
0.6875,2,0.16967509025270758,0.4943820224719101,0.5294117647058805,0.04591836734693877,0.78125,0.5,0.6047904191616766,0.3081761006289308,0.625,0.13091482649842273,0.2,0.18518518518518512,0.16582914572864293
0.65625,0,0.16967509025270758,0.6348314606741573,0.5,0.01530612244897959,0.8333333333333334,0.75,0.5209580838323353,0.3081761006289308,0.625,0.023659305993690857,0.0,0.18518518518518512,0.13065326633165864
0.6875,2,0.27978339350180503,0.5224719101123595,0.5294117647058805,0.035714285714285705,0.8333333333333334,0.25,0.564870259481038,0.3081761006289308,0.625,0.11987381703470033,0.0,0.18518518518518512,0.12562814070351713
0.75,2,0.16967509025270758,0.5224719101123595,0.5,0.01020408163265306,0.7395833333333334,0.25,0.6247504990019961,0.3081761006289308,0.625,0.0063091482649842295,0.0,0.18518518518518512,0.12060301507537652
0.75,2,0.24007220216606492,0.4662921348314607,0.5294117647058805,0.004081632653061224,0.6875,0.25,0.6107784431137725,0.3081761006289308,0.625,0.08044164037854891,0.0,0.18518518518518512,0.1155778894472359
0.603125,6,0.09747292418772563,0.6573033707865168,0.5588235294117645,0.07142857142857141,0.8645833333333334,0.61,0.502994011976048,0.3081761006289308,0.0,0.18769716088328076,0.0,0.38888888888888884,0.2814070351758797
0.59375,2,0.13718411552346568,0.7106741573033707,0.5588235294117645,0.0,0.84375,0.32,0.4930139720558882,0.3081761006289308,0.0,0.22239747634069407,0.0,0.38888888888888884,0.2814070351758797
0.615625,4,0.14259927797833935,0.7022471910112359,0.5588235294117645,0.0,0.8854166666666666,0.68,0.5149700598802396,0.3081761006289308,0.0,0.20977917981072558,0.0,0.3765432098765431,0.2613065326633164
0.625,0,0.05776173285198555,0.9438202247191011,0.5294117647058805,0.3112244897959183,0.9999999999999999,0.75,0.5289421157684631,0.24528301886792453,0.0,0.029968454258675087,0.0,0.35802469135802495,0.24120603015075393
0.28125,5,0.05776173285198555,0.4382022471910112,0.2941176470588225,0.0,0.9999999999999999,0.6,0.24950099800399203,0.0,0.0,0.165615141955836,0.0,0.35802469135802495,0.874371859296482
0.28125,2,0.16967509025270758,0.8876404494382022,0.6470588235294095,0.0,0.7083333333333334,0.25,0.219560878243513,0.3081761006289308,0.0,0.46529968454258686,0.0,0.42592592592592604,0.7989949748743719
0.21875,5,0.0072202166064981865,0.2696629213483146,0.7647058823529385,0.0,0.9999999999999999,0.6,0.19960079840319364,0.012578616352201257,0.0,0.23343848580441645,0.0,0.4691358024691361,0.7587939698492461
0.34375,2,0.05776173285198555,0.4662921348314607,0.5294117647058805,0.0,0.9375,0.25,0.29141716566866266,0.3081761006289308,0.0,0.3690851735015774,0.2,0.5123456790123457,0.7135678391959797
0.4375,1,0.20758122743682308,0.4101123595505618,0.32352941176470296,0.0,0.7708333333333334,0.0,0.35129740518962077,0.3081761006289308,0.0,0.7034700315457414,0.0,0.6728395061728394,0.5477386934673367
0.28125,5,0.20758122743682308,0.6910112359550561,0.9117647058823515,0.0,0.9999999999999999,0.75,0.26546906187624747,0.2138364779874214,0.0,0.06309148264984228,0.0,0.3765432098765431,0.3115577889447234
0.25,7,0.09747292418772563,0.747191011235955,0.9411764705882355,0.00510204081632653,0.9999999999999999,0.75,0.24351297405189623,0.3081761006289308,0.0,0.06782334384858045,0.8,0.3765432098765431,0.3115577889447234
0.3125,2,0.13718411552346568,0.5786516853932584,0.882352941176471,0.01020408163265306,0.875,0.5,0.2874251497005988,0.3081761006289308,0.0,0.028391167192429026,0.4000000000000001,0.37037037037037024,0.29648241206030157
0.3125,2,0.0,0.9297752808988764,0.882352941176471,0.00510204081632653,0.875,0.75,0.281437125748503,0.3081761006289308,0.0,0.13722397476340698,0.2,0.37037037037037024,0.29145728643216096
0.28125,2,0.0,0.4578651685393258,0.9117647058823515,0.00510204081632653,0.9999999999999999,0.75,0.26546906187624747,0.3081761006289308,0.0,0.011041009463722398,0.4000000000000001,0.3641975308641978,0.2613065326633164
0.3125,8,0.16967509025270758,0.15730337078651685,0.9117647058823515,0.0,0.9999999999999999,0.75,0.281437125748503,0.3081761006289308,0.0,0.14037854889589907,0.6000000000000001,0.3641975308641978,0.25628140703517577
0.25,5,0.0,0.016853932584269662,0.7647058823529385,0.0,0.9999999999999999,0.0,0.22754491017964076,0.27672955974842767,0.0,0.18138801261829657,0.2,0.4567901234567904,0.7587939698492461
0.34375,5,0.09747292418772563,0.5786516853932584,0.588235294117645,0.0,0.9999999999999999,0.75,0.29141716566866266,0.022012578616352203,0.0,0.26656151419558366,0.2,0.48765432098765427,0.7286432160804024
0.28125,5,0.04512635379061371,0.3820224719101123,0.5294117647058805,0.0,0.9999999999999999,0.0,0.24351297405189623,0.1509433962264151,0.0,0.26656151419558366,0.2,0.5,0.7135678391959797
0.40625,6,0.20758122743682308,0.5224719101123595,0.4411764705882355,0.0,0.9375,0.75,0.3313373253493014,0.27672955974842767,0.0,0.3643533123028392,0.2,0.5185185185185186,0.6984924623115578
0.34375,2,0.24007220216606492,0.5224719101123595,0.2941176470588225,0.0,0.9375,0.75,0.29141716566866266,0.3081761006289308,0.0,0.6056782334384859,0.0,0.6358024691358026,0.5778894472361804
0.40625,2,0.13718411552346568,0.6629213483146067,0.5588235294117645,0.0,0.625,0.25,0.3313373253493014,0.3081761006289308,0.625,0.11356466876971612,0.0,0.6604938271604941,0.9396984924623117
0.28125,4,0.0,0.016853932584269662,0.5,0.0,0.7083333333333334,1.0,0.2475049900199601,0.3081761006289308,0.0,0.18769716088328076,0.0,0.666666666666667,0.9296482412060305
0.40625,2,0.09747292418772563,0.550561797752809,0.5294117647058805,0.09693877551020406,0.9375,0.75,0.3313373253493014,0.3081761006289308,0.0,0.2618296529968455,0.0,0.6790123456790123,0.9195979899497484
0.5,1,0.04512635379061371,0.12921348314606743,0.617647058823529,0.0,0.625,0.0,0.39121756487025944,0.3081761006289308,0.0,0.3012618296529969,0.0,0.7098765432098766,0.874371859296482
0.5,1,0.05776173285198555,1.0,0.6470588235294095,0.0,0.7708333333333334,0.0,0.39121756487025944,0.3081761006289308,0.0,0.11987381703470033,0.6000000000000001,0.7222222222222223,0.8643216080402008
0.5,1,0.0,0.14044943820224717,0.6470588235294095,0.0,0.6770833333333334,0.0,0.39121756487025944,0.3081761006289308,0.0,0.22239747634069407,0.2,0.7283950617283952,0.8542713567839195
0.59375,1,0.13718411552346568,0.15730337078651685,0.617647058823529,0.0,0.59375,0.0,0.4710578842315369,0.3081761006289308,0.0,0.1593059936908518,0.2,0.7469135802469138,0.8341708542713571
0.40625,5,0.0072202166064981865,0.6067415730337078,0.617647058823529,0.0,0.9999999999999999,0.75,0.3313373253493014,0.18238993710691825,0.0,0.17034700315457418,0.0,0.7839506172839505,0.7939698492462313
0.4375,1,0.0,0.016853932584269662,0.6764705882352935,0.0,0.6666666666666666,0.0,0.35129740518962077,0.3081761006289308,0.0,0.17665615141955837,0.2,0.8024691358024691,0.7688442211055273
0.4375,1,0.09747292418772563,0.12921348314606743,0.5,0.0,0.875,0.0,0.35129740518962077,0.3081761006289308,0.0,0.1025236593059937,0.0,0.8148148148148149,0.7487437185929648
0.46875,2,0.20758122743682308,0.5786516853932584,0.5294117647058805,0.0,0.71875,0.75,0.3712574850299401,0.3081761006289308,0.0,0.3454258675078865,0.0,0.8456790123456792,0.7185929648241203
0.3125,4,0.37003610108303253,0.5224719101123595,0.14705882352940947,0.0,0.7604166666666666,1.0,0.24950099800399203,0.3081761006289308,0.0,0.39432176656151424,0.0,0.858024691358025,0.6984924623115578
0.21875,2,0.04512635379061371,0.5786516853932584,0.470588235294116,0.0,0.8125,0.75,0.18562874251497005,0.3081761006289308,0.0,0.3012618296529969,0.0,0.8703703703703702,0.6884422110552766
0.65625,2,0.13718411552346568,0.6067415730337078,0.5588235294117645,0.0,0.8333333333333334,0.5,0.5528942115768464,0.3081761006289308,0.0,0.2507886435331231,0.0,0.3765432098765431,0.25628140703517577
0.65625,2,0.13718411552346568,0.6629213483146067,0.4117647058823515,0.0,0.8333333333333334,0.75,0.5289421157684631,0.27672955974842767,0.75,0.18138801261829657,0.0,0.35802469135802495,0.24120603015075393
0.6875,2,0.20758122743682308,0.6348314606741573,0.5294117647058805,0.0,0.8333333333333334,0.5,0.5868263473053893,0.3081761006289308,0.0,0.16088328075709785,0.0,0.3518518518518521,0.2361809045226133
0.6875,2,0.16967509025270758,0.6348314606741573,0.5,0.0,0.8854166666666666,0.5,0.5888223552894212,0.3081761006289308,0.0,0.21135646687697163,0.0,0.3456790123456792,0.2311557788944727
0.5,8,0.0,0.016853932584269662,0.6470588235294095,0.01020408163265306,0.875,1.0,0.39121756487025944,0.3081761006289308,0.0,0.1025236593059937,0.0,0.4382716049382718,0.608040201005025
0.46875,2,0.13718411552346568,0.9157303370786516,0.588235294117645,0.0,0.8229166666666666,0.75,0.3712574850299401,0.3081761006289308,0.0,0.06309148264984228,0.2,0.4506172839506175,0.5879396984924625
0.40625,4,0.0,0.9438202247191011,0.5588235294117645,0.06632653061224489,0.9999999999999999,1.0,0.3313373253493014,0.27672955974842767,0.0,0.045741324921135654,0.0,0.47530864197530853,0.5527638190954773
0.34375,1,0.5324909747292419,0.8876404494382022,0.617647058823529,0.0,0.6145833333333334,0.0,0.29141716566866266,0.3081761006289308,0.0,0.24447949526813884,0.0,0.48765432098765427,0.5376884422110555
0.3125,3,0.13718411552346568,0.3258426966292135,0.823529411764703,0.004591836734693877,0.9375,1.0,0.27544910179640714,0.1509433962264151,0.0,0.12302839116719246,0.0,0.5370370370370372,0.4673366834170851
0.3125,2,0.0,0.016853932584269662,0.882352941176471,0.001020408163265306,0.8125,0.25,0.2774451097804391,0.3081761006289308,0.0,0.08675078864353314,0.0,0.5432098765432101,0.4572864321608039
0.4375,4,0.16967509025270758,0.12921348314606743,0.823529411764703,0.004081632653061224,0.71875,1.0,0.35129740518962077,0.3081761006289308,0.0,0.06782334384858045,0.2,0.5617283950617287,0.44221105527638205
0.34375,3,0.20758122743682308,0.016853932584269662,0.4117647058823515,0.01530612244897959,0.8125,0.75,0.29141716566866266,0.3081761006289308,0.25,0.21608832807570982,0.0,0.33950617283950635,0.7487437185929648
0.3125,1,0.0072202166064981865,0.6910112359550561,0.823529411764703,0.0,0.875,0.0,0.27544910179640714,0.3081761006289308,0.0,0.18138801261829657,0.0,0.382716049382716,0.7035175879396984
0.3125,1,0.04512635379061371,0.3539325842696629,0.9117647058823515,0.0,0.875,0.0,0.2714570858283433,0.3081761006289308,0.0,0.20977917981072558,0.2,0.4012345679012346,0.683417085427136
0.40625,1,0.04512635379061371,0.297752808988764,0.705882352941174,0.0,0.71875,0.0,0.3313373253493014,0.3081761006289308,0.0,0.2618296529968455,0.2,0.44444444444444464,0.6331658291457289
0.28125,1,0.16967509025270758,0.24157303370786518,0.735294117647058,0.0,0.8125,0.0,0.2335329341317365,0.3081761006289308,0.0,0.35804416403785494,0.0,0.5185185185185186,0.5527638190954773
0.40625,1,0.27978339350180503,0.5224719101123595,0.352941176470587,0.0,0.875,0.0,0.3313373253493014,0.3081761006289308,0.0,0.3170347003154575,0.2,0.5493827160493829,0.5125628140703515
0.3125,1,0.13718411552346568,0.4382022471910112,0.32352941176470296,0.0,0.875,0.0,0.26546906187624747,0.3081761006289308,0.0,0.2318611987381704,0.0,0.5925925925925926,0.4673366834170851
0.625,4,0.24007220216606492,0.6067415730337078,0.5588235294117645,0.0,0.9375,1.0,0.5249500998003992,0.3081761006289308,0.0,0.33596214511041017,0.0,0.23456790123456805,0.16582914572864293
0.46875,2,0.16967509025270758,0.9157303370786516,0.32352941176470296,0.01020408163265306,0.71875,0.75,0.3712574850299401,0.3081761006289308,0.0,0.23343848580441645,0.0,0.6234567901234569,0.6934673366834172
0.5625,1,0.0,0.016853932584269662,0.617647058823529,0.0,0.6770833333333334,0.0,0.46706586826347307,0.3081761006289308,0.0,0.13249211356466878,0.2,0.7222222222222223,0.5527638190954773
0.6875,0,0.0,0.7415730337078651,0.5588235294117645,0.04081632653061224,0.8854166666666666,0.75,0.5808383233532934,0.3081761006289308,0.0,0.33596214511041017,0.0,0.5555555555555558,0.4572864321608039
0.625,3,0.20758122743682308,0.8033707865168539,0.5,0.09183673469387754,0.9999999999999999,0.75,0.5189620758483035,0.18238993710691825,0.0,0.6593059936908519,0.0,0.5555555555555558,0.44723618090452266
0.646875,6,0.17509025270758122,0.7134831460674157,0.588235294117645,0.01020408163265306,0.78125,0.55,0.530938123752495,0.3081761006289308,0.0,0.34069400630914837,0.0,0.5493827160493829,0.44221105527638205
0.6875,2,0.20758122743682308,0.4662921348314607,0.588235294117645,0.0,0.8854166666666666,0.5,0.5988023952095809,0.3081761006289308,0.0,0.5741324921135648,0.0,0.5493827160493829,0.4271356783919593
0.65625,2,0.05776173285198555,0.24157303370786518,0.470588235294116,0.19285714285714284,0.9375,0.75,0.5469061876247505,0.3081761006289308,0.0,0.4179810725552051,0.0,0.5432098765432101,0.40703517587939686
0.69375,3,0.27256317689530685,0.8539325842696629,0.5294117647058805,0.047448979591836735,0.7916666666666666,0.53,0.5828343313373254,0.27672955974842767,0.0,0.4873817034700317,0.0,0.5432098765432101,0.39698492462311563
0.59375,5,0.0,0.016853932584269662,0.5294117647058805,0.09183673469387754,0.9999999999999999,0.75,0.49700598802395207,0.1509433962264151,0.0,0.3186119873817035,0.0,0.18518518518518512,0.14070351758793986
0.75,2,0.13718411552346568,0.07303370786516854,0.4117647058823515,0.0,0.78125,0.25,0.6506986027944112,0.3081761006289308,0.0,0.37539432176656157,0.0,0.17901234567901225,0.1155778894472359
0.75,2,0.05776173285198555,0.10112359550561797,0.6764705882352935,0.02040816326530612,0.49999999999999994,0.37,0.6606786427145709,0.3081761006289308,0.5,0.1025236593059937,0.0,0.13580246913580263,0.12562814070351713
0.8125,2,0.37003610108303253,0.15730337078651685,0.6470588235294095,0.0,0.40624999999999994,0.37,0.6786427145708583,0.3081761006289308,0.75,0.0993690851735016,0.0,0.13580246913580263,0.06030150753768826
0.46875,6,0.13718411552346568,0.550561797752809,0.2941176470588225,0.00510204081632653,0.875,0.75,0.3712574850299401,0.3081761006289308,0.5,0.1025236593059937,0.0,0.2592592592592595,0.5929648241206031
0.5,6,0.37003610108303253,1.0,0.617647058823529,0.0,0.8229166666666666,0.75,0.39121756487025944,0.3081761006289308,0.625,0.2507886435331231,0.0,0.38888888888888884,0.4321608040201008
0.5625,2,0.27978339350180503,0.4662921348314607,0.5,0.0,0.59375,0.75,0.4650698602794411,0.3081761006289308,0.0,0.2634069400630915,0.0,0.4197530864197532,0.3869346733668344
0.90625,5,0.05776173285198555,0.6910112359550561,0.26470588235293846,0.0,0.4791666666666666,0.5,0.6387225548902196,0.1509433962264151,1.0,0.1987381703470032,0.2,0.2592592592592595,0.36683417085427106
0.75,5,0.0,0.5814606741573033,0.352941176470587,0.0,0.6875,0.25,0.5788423153692615,0.10377358490566038,0.0,0.17034700315457418,0.4000000000000001,0.2592592592592595,0.36180904522613044
0.75,5,0.05776173285198555,0.747191011235955,0.32352941176470296,0.0,0.78125,0.0,0.5768463073852296,0.09433962264150944,0.0,0.194006309148265,0.2,0.2654320987654324,0.35678391959798983
0.71875,5,0.05776173285198555,0.6910112359550561,0.26470588235293846,0.0,0.8333333333333334,0.0,0.5149700598802396,0.10377358490566038,0.0,0.2791798107255521,0.0,0.27160493827160526,0.3467336683417086
0.71875,5,0.04512635379061371,0.7191011235955056,0.235294117647058,0.0,0.78125,0.0,0.5269461077844312,0.10377358490566038,0.0,0.21608832807570982,0.0,0.27160493827160526,0.341708542713568
0.75,5,0.0,0.016853932584269662,0.2941176470588225,0.0,0.7395833333333334,0.75,0.5968063872255489,0.08805031446540881,0.0,0.13091482649842273,0.6000000000000001,0.2777777777777777,0.32663316582914526
0.71875,5,0.0,0.016853932584269662,0.32352941176470296,0.0,0.7291666666666666,0.75,0.5528942115768464,0.09433962264150944,0.0,0.03943217665615143,1.0000000000000002,0.2777777777777777,0.32160804020100464
0.6875,5,0.09747292418772563,0.24157303370786518,0.2941176470588225,0.0,0.78125,0.75,0.5389221556886228,0.07232704402515723,0.0,0.17034700315457418,0.6000000000000001,0.28395061728395055,0.316582914572864
0.59375,8,0.13718411552346568,0.10112359550561797,0.20588235294117396,0.00510204081632653,0.9999999999999999,1.0,0.4910179640718562,0.059748427672955975,0.0,0.15299684542586756,0.2,0.2901234567901234,0.3065326633165828
0.625,5,0.09747292418772563,0.12921348314606743,0.20588235294117396,0.0,0.9375,0.75,0.5269461077844312,0.07232704402515723,0.0,0.18769716088328076,0.4000000000000001,0.2901234567901234,0.3015075376884422
0.78125,5,0.04512635379061371,0.5224719101123595,0.26470588235293846,0.0,0.8333333333333334,0.5,0.6626746506986029,0.08805031446540881,0.0,0.194006309148265,0.4000000000000001,0.30246913580246915,0.2763819095477382
0.71875,5,0.05776173285198555,0.10112359550561797,0.2941176470588225,0.0,0.9375,0.5,0.6027944111776448,0.08805031446540881,0.0,0.21608832807570982,0.8,0.308641975308642,0.2713567839195976
0.65625,5,0.13718411552346568,0.15730337078651685,0.26470588235293846,0.0,0.9999999999999999,0.5,0.5349301397205589,0.07232704402515723,0.0,0.2555205047318612,0.6000000000000001,0.308641975308642,0.2613065326633164
0.71875,5,0.04512635379061371,0.7191011235955056,0.32352941176470296,0.0,0.8333333333333334,0.5,0.5748502994011976,0.08805031446540881,0.0,0.03785488958990537,0.8,0.3271604938271606,0.2311557788944727
0.59375,5,0.05776173285198555,0.5224719101123595,0.470588235294116,0.0,0.8854166666666666,0.25,0.4830339321357286,0.11949685534591195,0.75,0.0741324921135647,1.0000000000000002,0.21604938271604945,0.09547738693467345
0.65625,5,0.0,0.3089887640449438,0.470588235294116,0.0,0.9999999999999999,0.25,0.5249500998003992,0.3081761006289308,0.75,0.14195583596214512,1.0000000000000002,0.2098765432098766,0.09547738693467345
0.65625,5,0.0072202166064981865,0.6910112359550561,0.470588235294116,0.00510204081632653,0.9375,0.25,0.530938123752495,0.13522012578616352,0.0,0.14195583596214512,1.0000000000000002,0.2098765432098766,0.09045226130653283
0.59375,5,0.13718411552346568,0.550561797752809,0.5,0.0,0.9375,0.25,0.48502994011976047,0.1509433962264151,0.0,0.10883280757097794,1.0000000000000002,0.20370370370370372,0.09045226130653283
0.625,5,0.09747292418772563,0.550561797752809,0.470588235294116,0.0,0.9375,0.25,0.500998003992016,0.1509433962264151,0.0,0.1025236593059937,1.0000000000000002,0.16666666666666696,0.0804020100502516
0.75,2,0.0,0.016853932584269662,0.617647058823529,0.0,0.14583333333333334,0.25,0.5089820359281437,0.3081761006289308,0.0,0.08044164037854891,0.2,0.1419753086419755,0.2763819095477382
0.5,1,0.27978339350180503,0.8314606741573033,0.470588235294116,0.0,0.46874999999999994,0.0,0.39121756487025944,0.18238993710691825,0.0,0.17665615141955837,0.0,0.16666666666666696,0.2361809045226133
0.46875,1,0.05776173285198555,0.8876404494382022,0.735294117647058,0.0,0.43749999999999994,0.0,0.3712574850299401,0.3081761006289308,0.0,0.09305993690851735,0.4000000000000001,0.2098765432098766,0.17085427135678355
0.3125,3,0.0,0.22752808988764045,0.32352941176470296,0.0,0.9375,0.75,0.27944111776447106,0.3081761006289308,0.0,0.1246056782334385,0.0,0.4691358024691361,0.824120603015075
0.15625,2,0.0,0.6123595505617977,0.882352941176471,0.0,0.9999999999999999,0.25,0.17165668662674652,0.3081761006289308,0.0,0.13091482649842273,0.0,0.5,0.7889447236180906
0.25,3,0.3321299638989169,0.07303370786516854,0.5588235294117645,0.0,0.9999999999999999,0.75,0.20758483033932137,0.1509433962264151,0.0,0.26656151419558366,0.0,0.5864197530864197,0.6934673366834172
0.28125,3,0.0072202166064981865,0.9157303370786516,0.20588235294117396,0.12448979591836733,0.9999999999999999,0.75,0.24351297405189623,0.05660377358490566,0.0,0.18454258675078866,0.0,0.6543209876543212,0.6231155778894468
0.1875,3,0.27978339350180503,0.6629213483146067,0.20588235294117396,0.0,0.8125,0.75,0.13972055888223556,0.3081761006289308,0.0,0.5205047318611988,0.0,0.6604938271604941,0.608040201005025
0.5,7,0.0,0.6573033707865168,0.20588235294117396,0.04591836734693877,0.875,0.5,0.39121756487025944,0.11949685534591195,0.5,0.6025236593059937,0.0,0.4691358024691361,0.683417085427136
0.46875,2,0.09747292418772563,0.4101123595505618,0.470588235294116,0.0,0.71875,0.25,0.3712574850299401,0.3081761006289308,0.0,0.14826498422712936,0.0,0.47530864197530853,0.6783919597989945
0.53125,1,0.04512635379061371,0.4662921348314607,0.617647058823529,0.0,0.59375,0.0,0.4590818363273453,0.3081761006289308,0.0,0.20504731861198738,0.2,0.5493827160493829,0.5778894472361804
0.5625,1,0.16967509025270758,0.21348314606741572,0.705882352941174,0.0,0.6770833333333334,0.0,0.4710578842315369,0.3081761006289308,0.0,0.11356466876971612,0.2,0.5864197530864197,0.5326633165829149
0.5625,1,0.04512635379061371,0.4382022471910112,0.705882352941174,0.0,0.5520833333333334,0.0,0.46906187624750495,0.3081761006289308,0.0,0.11987381703470033,0.2,0.5925925925925926,0.5226130653266328
0.75,3,0.27978339350180503,0.6348314606741573,0.352941176470587,0.0,0.7395833333333334,0.75,0.6247504990019961,0.3081761006289308,0.75,0.10883280757097794,0.6000000000000001,0.0,0.1557788944723617
0.59375,6,0.16967509025270758,0.016853932584269662,0.4117647058823515,0.01020408163265306,0.9375,0.75,0.4950099800399201,0.3081761006289308,0.5,0.17665615141955837,0.0,0.012345679012345734,0.13567839195979925
0.6875,2,0.05776173285198555,0.18539325842696627,0.588235294117645,0.0,0.9375,0.75,0.5748502994011976,0.3081761006289308,0.625,0.1987381703470032,0.0,0.049382716049382935,0.08542713567839222
0.65625,4,0.20758122743682308,0.550561797752809,0.4117647058823515,0.004081632653061224,0.8854166666666666,0.75,0.5409181636726548,0.3081761006289308,0.625,0.18769716088328076,0.0,0.0740740740740744,0.0402010050251258
0.53125,6,0.299638989169675,1.0,0.5588235294117645,0.12755102040816324,0.9375,0.75,0.4610778443113772,0.1509433962264151,0.5,0.2634069400630915,0.0,0.08024691358024683,0.030150753768844574
0.375,2,0.0072202166064981865,0.10112359550561797,0.7647058823529385,0.0,0.8229166666666666,0.75,0.311377245508982,0.3081761006289308,0.0,0.165615141955836,0.2,0.4506172839506175,0.3065326633165828
0.39375000000000004,3,0.0,0.848314606741573,0.617647058823529,0.01530612244897959,0.7708333333333334,0.7000000000000001,0.32335329341317365,0.27672955974842767,0.0,0.05205047318611988,0.4000000000000001,0.44444444444444464,0.3065326633165828
0.40625,2,0.13718411552346568,0.12921348314606743,0.823529411764703,0.0,0.71875,0.75,0.3313373253493014,0.3081761006289308,0.0,0.22239747634069407,0.0,0.4382716049382718,0.29648241206030157
0.4375,2,0.20758122743682308,0.15730337078651685,0.852941176470587,0.0,0.71875,0.75,0.35129740518962077,0.3081761006289308,0.0,0.20662460567823349,0.2,0.4135802469135803,0.2814070351758797
0.746875,3,0.30505415162454874,0.2893258426966292,0.470588235294116,0.00510204081632653,0.75,0.6900000000000001,0.6427145708582835,0.3081761006289308,0.625,0.4258675078864354,0.0,0.5123456790123457,0.36180904522613044
0.75,3,0.2671480144404331,0.21910112359550563,0.470588235294116,0.00510204081632653,0.7395833333333334,0.88,0.6427145708582835,0.3081761006289308,0.625,0.37539432176656157,0.0,0.5123456790123457,0.35678391959798983
0.7375,6,0.3772563176895307,0.21910112359550563,0.470588235294116,0.01020408163265306,0.7708333333333334,0.6900000000000001,0.6387225548902196,0.3081761006289308,0.625,0.5110410094637224,0.0,0.5061728395061729,0.35678391959798983
0.74375,3,0.4296028880866426,0.3202247191011236,0.470588235294116,0.00510204081632653,0.75,0.79,0.6387225548902196,0.3081761006289308,0.625,0.5788643533123029,0.0,0.5061728395061729,0.35678391959798983
0.765625,2,0.4151624548736462,0.2556179775280899,0.470588235294116,0.0,0.7291666666666666,0.3,0.6666666666666666,0.3081761006289308,0.75,0.5567823343848581,0.0,0.5061728395061729,0.35678391959798983
0.746875,6,0.5072202166064982,0.21067415730337077,0.470588235294116,0.01020408163265306,0.75,0.75,0.6447105788423154,0.3081761006289308,0.625,0.6593059936908519,0.0,0.5,0.3517587939698492
0.75,3,0.3447653429602888,0.2247191011235955,0.4411764705882355,0.00510204081632653,0.7291666666666666,0.51,0.6407185628742516,0.3081761006289308,0.625,0.4716088328075711,0.0,0.5,0.3517587939698492
0.7375,3,0.20216606498194947,0.2780898876404494,0.4411764705882355,0.01020408163265306,0.6979166666666666,0.78,0.6167664670658682,0.27672955974842767,0.625,0.3012618296529969,0.0,0.49382716049382713,0.3467336683417086
0.73125,1,0.0,0.033707865168539325,0.4117647058823515,0.0,0.6770833333333334,0.23,0.5988023952095809,0.3081761006289308,0.0,0.06782334384858045,0.0,0.4814814814814814,0.341708542713568
0.746875,3,0.13718411552346568,0.21348314606741572,0.470588235294116,0.01020408163265306,0.71875,0.8300000000000001,0.6287425149700598,0.3081761006289308,0.625,0.23343848580441645,0.0,0.4814814814814814,0.33668341708542737
0.75625,3,0.27256317689530685,0.18258426966292135,0.4117647058823515,0.0015306122448979589,0.71875,0.8,0.6467065868263473,0.3081761006289308,0.625,0.39116719242902215,0.0,0.47530864197530853,0.33165829145728676
0.734375,3,0.03249097472924188,0.0,0.4117647058823515,0.000510204081632653,0.7083333333333334,0.87,0.6147704590818365,0.3081761006289308,0.625,0.10410094637223977,0.0,0.46296296296296324,0.32663316582914526
0.34375,3,0.09747292418772563,0.3539325842696629,0.5,0.0,0.9375,0.0,0.29141716566866266,0.3081761006289308,0.5,0.03943217665615143,0.0,0.38888888888888884,0.8844221105527641
0.25,1,0.05776173285198555,0.5786516853932584,0.6470588235294095,0.0,0.9375,0.0,0.21157684630738524,0.3081761006289308,0.0,0.3690851735015774,0.0,0.4382716049382718,0.8291457286432165
0.25,5,0.0,0.016853932584269662,0.7647058823529385,0.0,0.9999999999999999,0.0,0.219560878243513,0.3081761006289308,0.0,0.2839116719242903,0.0,0.5246913580246915,0.733668341708543
0.34375,1,0.04512635379061371,0.4662921348314607,0.5294117647058805,0.0,0.9375,0.0,0.29141716566866266,0.3081761006289308,0.0,0.194006309148265,0.0,0.5493827160493829,0.708542713567839
0.34375,5,0.0072202166064981865,0.550561797752809,0.5,0.0,0.9375,0.0,0.29141716566866266,0.3081761006289308,0.0,0.2507886435331231,0.0,0.5617283950617287,0.6934673366834172
0.0,5,0.0072202166064981865,0.6067415730337078,0.9411764705882355,0.0,0.9999999999999999,0.0,0.04590818363273454,0.3081761006289308,0.0,0.194006309148265,0.2,0.5987654320987654,0.6532663316582914
0.21875,3,0.05776173285198555,0.24157303370786518,0.5,0.01020408163265306,0.9999999999999999,0.75,0.2215568862275449,0.3081761006289308,0.125,0.0,0.0,0.49382716049382713,0.7788944723618094
0.21875,4,0.0,0.5870786516853932,0.470588235294116,0.0,0.9999999999999999,1.0,0.2215568862275449,0.3081761006289308,0.0,0.03943217665615143,0.0,0.5061728395061729,0.7688442211055273
0.34375,2,0.0,0.5308988764044943,0.5,0.02551020408163265,0.6666666666666666,0.75,0.29141716566866266,0.3081761006289308,0.0,0.2271293375394322,0.0,0.5061728395061729,0.7688442211055273
0.40625,1,0.04512635379061371,0.3258426966292135,0.6764705882352935,0.00510204081632653,0.9375,0.0,0.3313373253493014,0.3081761006289308,0.0,0.23817034700315465,0.2,0.5925925925925926,0.6633165829145726
0.375,1,0.0,0.4747191011235955,0.5588235294117645,0.0,0.875,0.0,0.311377245508982,0.3081761006289308,0.0,0.2839116719242903,0.2,0.6049382716049383,0.6532663316582914
0.46875,4,0.0,0.5140449438202247,0.617647058823529,0.0,0.71875,1.0,0.3712574850299401,0.3081761006289308,0.0,0.2271293375394322,0.0,0.6111111111111112,0.6432160804020102
0.5,2,0.09747292418772563,0.6910112359550561,0.735294117647058,0.0,0.7708333333333334,0.75,0.39121756487025944,0.3081761006289308,0.375,0.1246056782334385,0.0,0.6296296296296298,0.6231155778894468
0.375,1,0.0072202166064981865,0.297752808988764,0.617647058823529,0.0,0.9999999999999999,0.0,0.311377245508982,0.3081761006289308,0.0,0.3123028391167193,0.0,0.6419753086419755,0.6030150753768844
0.4375,4,0.24007220216606492,0.4662921348314607,0.235294117647058,0.0,0.9375,1.0,0.35129740518962077,0.3081761006289308,0.0,0.4211356466876972,0.0,0.4012345679012346,0.8190954773869343
0.1875,5,0.0,0.9101123595505618,0.823529411764703,0.0,0.9375,0.5,0.18163672654690619,0.3081761006289308,0.0,0.20504731861198738,0.0,0.44444444444444464,0.7738693467336679
0.34375,2,0.37003610108303253,0.9719101123595505,0.617647058823529,0.0,0.7604166666666666,0.75,0.29141716566866266,0.3081761006289308,0.375,0.4211356466876972,0.0,0.574074074074074,0.6331658291457289
0.1875,1,0.0,0.8876404494382022,0.9411764705882355,0.0,0.6979166666666666,0.0,0.17764471057884235,0.3081761006289308,0.0,0.23817034700315465,0.0,0.5802469135802468,0.6231155778894468
0.25,3,0.09747292418772563,0.4662921348314607,0.5294117647058805,0.09183673469387754,0.9999999999999999,0.75,0.219560878243513,0.08805031446540881,0.0,0.20977917981072558,0.0,0.574074074074074,0.8442211055276383
0.375,1,0.16967509025270758,0.4943820224719101,0.32352941176470296,0.0,0.7083333333333334,0.0,0.311377245508982,0.3081761006289308,0.0,0.35804416403785494,0.0,0.7592592592592595,0.6331658291457289
0.28125,2,0.299638989169675,0.4382022471910112,0.9117647058823515,0.0,0.7604166666666666,0.75,0.22554890219560877,0.3081761006289308,0.0,0.35804416403785494,0.0,0.27160493827160526,0.045226130653266416
0.28125,2,0.27978339350180503,0.3258426966292135,0.823529411764703,0.0,0.8125,0.75,0.2475049900199601,0.3081761006289308,0.0,0.20504731861198738,0.0,0.2469135802469138,0.05025125628140703
0.28125,2,0.13718411552346568,0.3539325842696629,0.852941176470587,0.0,0.9375,0.25,0.23752495009980043,0.3081761006289308,0.0,0.21608832807570982,0.0,0.22222222222222232,0.055276381909547645
0.21875,2,0.0,0.016853932584269662,0.7941176470588225,0.0,0.9375,0.25,0.2215568862275449,0.3081761006289308,0.0,0.09148264984227131,0.0,0.18518518518518512,0.06030150753768826
0.625,2,0.05776173285198555,0.4101123595505618,0.5588235294117645,0.02040816326530612,0.8854166666666666,0.25,0.5289421157684631,0.3081761006289308,0.0,0.23343848580441645,0.2,0.4012345679012346,0.341708542713568
0.5625,8,0.13718411552346568,0.3539325842696629,0.6470588235294095,0.0,0.9999999999999999,0.5,0.47504990019960075,0.11949685534591195,0.0,0.22239747634069407,0.0,0.4012345679012346,0.33668341708542737
0.5625,8,0.05776173285198555,0.9438202247191011,0.6470588235294095,0.09693877551020406,0.9999999999999999,0.25,0.47704590818363274,0.3081761006289308,0.0,0.2791798107255521,0.4000000000000001,0.4012345679012346,0.33165829145728676
0.71875,1,0.05776173285198555,0.8595505617977528,0.5294117647058805,0.18367346938775508,0.8854166666666666,0.0,0.6107784431137725,0.3081761006289308,0.0,0.1987381703470032,0.0,0.4012345679012346,0.3115577889447234
0.625,8,0.05776173285198555,0.24157303370786518,0.5588235294117645,0.0,0.9999999999999999,0.25,0.5269461077844312,0.3081761006289308,0.0,0.18769716088328076,0.2,0.4012345679012346,0.3015075376884422
0.5625,2,0.0,0.6629213483146067,0.588235294117645,0.0,0.9999999999999999,0.25,0.47504990019960075,0.3081761006289308,0.0,0.18769716088328076,0.0,0.4012345679012346,0.2763819095477382
0.5625,1,0.05776173285198555,0.24157303370786518,0.705882352941174,0.0,0.8229166666666666,0.0,0.4710578842315369,0.3081761006289308,0.0,0.3012618296529969,0.0,0.4814814814814814,0.5829145728643219
0.59375,7,0.5324909747292419,0.0449438202247191,0.4117647058823515,0.07653061224489795,0.5520833333333334,0.37,0.48502994011976047,0.3081761006289308,0.0,0.8974763406940064,0.0,0.49382716049382713,0.5628140703517586
0.71875,2,0.24007220216606492,0.6629213483146067,0.6470588235294095,0.0,0.6458333333333334,0.25,0.5728542914171657,0.3081761006289308,0.75,0.3075709779179811,0.0,0.5370370370370372,0.4924623115577891
0.75,4,0.13718411552346568,0.18539325842696627,0.382352941176471,0.0,0.7395833333333334,1.0,0.6467065868263473,0.7484276729559749,0.0,0.29495268138801267,0.0,0.4382716049382718,0.35678391959798983
0.6875,3,0.13718411552346568,0.6067415730337078,0.5,0.02551020408163265,0.8854166666666666,1.0,0.564870259481038,0.4968553459119497,0.625,0.29495268138801267,0.0,0.4382716049382718,0.3517587939698492
0.709375,6,0.05234657039711191,0.6123595505617977,0.5,0.02040816326530612,0.7291666666666666,0.77,0.5888223552894212,0.3081761006289308,0.625,0.14195583596214512,0.0,0.4382716049382718,0.3467336683417086
0.8125,2,0.27978339350180503,0.2696629213483146,0.470588235294116,0.00510204081632653,0.7395833333333334,0.5,0.75249500998004,1.0,0.625,0.4542586750788644,0.0,0.4320987654320989,0.341708542713568
0.8125,2,0.05776173285198555,0.3258426966292135,0.4411764705882355,0.00510204081632653,0.7395833333333334,0.5,0.7325349301397206,1.0,0.625,0.329652996845426,0.0,0.4320987654320989,0.32663316582914526
0.8125,4,0.05776173285198555,0.12921348314606743,0.4411764705882355,0.03061224489795918,0.7395833333333334,1.0,0.7564870259481038,0.7484276729559749,0.625,0.4716088328075711,0.0,0.4320987654320989,0.32160804020100464
0.71875,4,0.04512635379061371,0.2696629213483146,0.4411764705882355,0.0,0.8333333333333334,1.0,0.6047904191616766,0.7484276729559749,0.0,0.17665615141955837,0.0,0.42592592592592604,0.3115577889447234
0.78125,4,0.16967509025270758,0.9438202247191011,0.470588235294116,0.08010204081632652,0.7395833333333334,1.0,0.7325349301397206,0.7484276729559749,0.625,0.414826498422713,0.0,0.4197530864197532,0.3015075376884422
0.78125,4,0.05776173285198555,0.18539325842696627,0.4117647058823515,0.057653061224489786,0.78125,1.0,0.7045908183632735,0.7484276729559749,0.625,0.37697160883280767,0.0,0.4197530864197532,0.29648241206030157
0.71875,4,0.3321299638989169,0.18539325842696627,0.4117647058823515,0.04030612244897959,0.8333333333333334,1.0,0.6207584830339322,0.7169811320754716,0.625,0.5867507886435331,0.0,0.4197530864197532,0.29145728643216096
0.5,2,0.20758122743682308,0.4382022471910112,0.735294117647058,0.0,0.6770833333333334,0.25,0.39121756487025944,0.3081761006289308,0.0,0.40378548895899063,0.0,0.4012345679012346,0.14070351758793986
0.5625,2,0.13718411552346568,0.297752808988764,0.7647058823529385,0.0,0.71875,0.75,0.47305389221556887,0.3081761006289308,0.0,0.34069400630914837,0.0,0.3456790123456792,0.1507537688442211
0.53125,4,0.24007220216606492,0.3258426966292135,0.7647058823529385,0.0,0.875,0.5,0.4610778443113772,0.24528301886792453,0.0,0.46056782334384866,0.0,0.33950617283950635,0.1507537688442211
0.53125,2,0.13718411552346568,0.18539325842696627,0.7647058823529385,0.0,0.875,0.5,0.4610778443113772,0.3081761006289308,0.0,0.3974763406940064,0.0,0.3271604938271606,0.1557788944723617
0.5625,4,0.37003610108303253,0.24157303370786518,0.735294117647058,0.0,0.71875,0.5,0.47305389221556887,0.3081761006289308,0.0,0.46056782334384866,0.0,0.308641975308642,0.1557788944723617
0.53125,2,0.13718411552346568,0.24157303370786518,0.705882352941174,0.000510204081632653,0.875,0.5,0.4610778443113772,0.3081761006289308,0.0,0.4211356466876972,0.0,0.2962962962962963,0.16080402010050232
0.5625,4,0.27978339350180503,0.297752808988764,0.735294117647058,0.000510204081632653,0.8229166666666666,0.75,0.47305389221556887,0.3081761006289308,0.0,0.48422712933753953,0.0,0.2901234567901234,0.16080402010050232
0.53125,1,0.13718411552346568,0.8876404494382022,0.735294117647058,0.0,0.6770833333333334,0.0,0.4630738522954092,0.3081761006289308,0.0,0.10883280757097794,0.2,0.6296296296296298,0.7386934673366836
0.59375,1,0.20758122743682308,0.9438202247191011,0.6470588235294095,0.0,0.5208333333333334,0.0,0.47704590818363274,0.3081761006289308,0.0,0.3974763406940064,0.2,0.6481481481481484,0.708542713567839
0.625,1,0.24007220216606492,0.9438202247191011,0.6470588235294095,0.0,0.5208333333333334,0.0,0.4930139720558882,0.3081761006289308,0.0,0.33596214511041017,0.2,0.6543209876543212,0.6984924623115578
0.59375,2,0.05776173285198555,0.15730337078651685,0.617647058823529,0.0,0.7291666666666666,0.75,0.4830339321357286,0.3081761006289308,0.0,0.06782334384858045,0.2,0.6790123456790123,0.6733668341708539
0.5625,1,0.09747292418772563,0.8876404494382022,0.617647058823529,0.0,0.6770833333333334,0.0,0.4710578842315369,0.3081761006289308,0.0,0.21608832807570982,0.0,0.6975308641975309,0.6482412060301508
0.5,6,0.37003610108303253,0.21348314606741572,0.5,0.007653061224489795,0.7708333333333334,0.75,0.39121756487025944,0.3081761006289308,0.0,0.14511041009463727,0.0,0.734567901234568,0.5979899497487438
0.46875,6,0.27978339350180503,0.8876404494382022,0.32352941176470296,0.007142857142857143,0.875,0.75,0.3712574850299401,0.3081761006289308,0.0,0.1246056782334385,0.0,0.7407407407407409,0.5929648241206031
0.65625,2,0.13718411552346568,0.7191011235955056,0.6764705882352935,0.0,0.29166666666666663,0.25,0.5508982035928144,0.3081761006289308,0.375,0.08517350157728708,0.2,0.30246913580246915,0.6432160804020102
0.15625,2,0.0,0.5702247191011236,0.6470588235294095,0.0,0.8125,0.5,0.13572854291417166,0.3081761006289308,0.625,0.22239747634069407,0.0,0.32098765432098775,0.6231155778894468
0.46875,1,0.0,0.5252808988764045,0.588235294117645,0.0,0.29166666666666663,0.0,0.3712574850299401,0.3081761006289308,0.75,0.38643533123028395,0.2,0.3641975308641978,0.5728643216080398
0.21875,7,0.3321299638989169,0.747191011235955,0.32352941176470296,0.0,0.9375,0.75,0.17365269461077845,0.3081761006289308,0.25,0.3075709779179811,0.0,0.37037037037037024,0.5628140703517586
0.0625,1,0.27978339350180503,0.21348314606741572,0.5,0.0,0.8020833333333334,0.0,0.07584830339321358,0.3081761006289308,0.0,0.1593059936908518,0.0,0.38888888888888884,0.5427135678391961
0.125,2,0.13718411552346568,0.9438202247191011,0.5294117647058805,0.00510204081632653,0.8645833333333334,0.75,0.09381237524950099,0.3081761006289308,0.0,0.35173501577287075,0.0,0.3950617283950617,0.5326633165829149
0.21875,2,0.4025270758122743,0.3820224719101123,0.588235294117645,0.002040816326530612,0.38541666666666663,0.75,0.19161676646706588,0.3081761006289308,0.0,0.17192429022082023,0.0,0.5061728395061729,0.391959798994975
0.625,1,0.299638989169675,0.016853932584269662,0.588235294117645,0.0,0.3645833333333333,0.0,0.4930139720558882,0.3081761006289308,0.0,0.5741324921135648,0.0,0.3456790123456792,0.4924623115577891
0.625,1,0.24007220216606492,0.9719101123595505,0.617647058823529,0.0,0.31249999999999994,0.0,0.4810379241516966,0.3081761006289308,0.0,0.4542586750788644,0.0,0.37037037037037024,0.4572864321608039
0.4375,1,0.04512635379061371,0.5786516853932584,0.617647058823529,0.0,0.9375,0.0,0.35129740518962077,0.1509433962264151,0.0,0.23343848580441645,0.0,0.6419753086419755,0.7135678391959797
0.4375,1,0.0,0.016853932584269662,0.617647058823529,0.0,0.9375,0.0,0.35129740518962077,0.1509433962264151,0.0,0.1987381703470032,0.0,0.691358024691358,0.6331658291457289
0.46875,2,0.16967509025270758,0.6348314606741573,0.6764705882352935,0.0,0.9375,0.75,0.3712574850299401,0.3081761006289308,0.0,0.21608832807570982,0.2,0.2654320987654324,0.030150753768844574
0.8125,2,0.299638989169675,0.0449438202247191,0.5,0.0,0.26041666666666663,0.25,0.6107784431137725,0.24528301886792453,0.75,0.4889589905362777,0.2,0.20370370370370372,0.05025125628140703
0.015625,1,0.33754512635379064,0.3314606741573034,0.852941176470587,0.0,0.31249999999999994,0.0,0.0,0.3081761006289308,0.0,0.46056782334384866,0.0,0.5987654320987654,0.35678391959798983
0.21875,1,0.20758122743682308,0.2696629213483146,0.9117647058823515,0.0,0.11458333333333334,0.0,0.1976047904191617,0.3081761006289308,0.0,0.2618296529968455,0.0,0.5925925925925926,0.36180904522613044
0.5,1,0.05776173285198555,0.5224719101123595,0.882352941176471,0.0,0.0,0.0,0.39121756487025944,0.3081761006289308,0.0,0.4542586750788644,0.0,0.574074074074074,0.36180904522613044
0.5,2,0.0,0.2893258426966292,0.5588235294117645,0.0,0.875,0.5,0.39121756487025944,0.24528301886792453,0.0,0.10883280757097794,0.8,0.17283950617283939,0.2361809045226133
0.4375,8,0.0,0.22191011235955055,0.588235294117645,0.0,0.9375,0.75,0.35129740518962077,0.2138364779874214,0.0,0.0741324921135647,0.8,0.17901234567901225,0.2311557788944727
0.53125,0,0.0,0.3230337078651685,0.588235294117645,0.00510204081632653,0.875,0.5,0.4630738522954092,0.05660377358490566,0.0,0.06309148264984228,0.6000000000000001,0.20370370370370372,0.18090452261306567
0.5,2,0.04512635379061371,0.21348314606741572,0.588235294117645,0.0,0.875,0.25,0.39121756487025944,0.24528301886792453,0.0,0.08359621451104103,0.6000000000000001,0.2098765432098766,0.16582914572864293
0.28125,4,0.6046931407942238,1.0,0.823529411764703,0.00510204081632653,0.875,1.0,0.20359281437125748,0.3081761006289308,0.25,0.7050473186119874,0.0,0.5185185185185186,0.13567839195979925
0.3125,4,0.4025270758122743,1.0,0.970588235294116,0.0,0.7083333333333334,1.0,0.23952095808383236,0.3081761006289308,0.375,0.4211356466876972,0.0,0.4814814814814814,0.1557788944723617
0.25,4,0.6750902527075812,1.0,0.705882352941174,0.0,0.65625,1.0,0.1656686626746507,0.3081761006289308,0.375,0.8296529968454259,0.0,0.4135802469135803,0.18592964824120628
0.21875,3,0.09747292418772563,0.4662921348314607,0.6470588235294095,0.1270408163265306,0.9999999999999999,1.0,0.16367265469061876,0.3081761006289308,0.25,0.526813880126183,0.0,0.33950617283950635,0.22110552763819058
0.625,2,0.0,0.016853932584269662,0.4411764705882355,0.0,0.9999999999999999,0.25,0.5269461077844312,0.3081761006289308,0.0,0.03943217665615143,0.2,0.11728395061728403,0.12060301507537652
0.7375,0,0.20758122743682308,0.12921348314606743,0.4117647058823515,0.00510204081632653,0.6875,0.5,0.6127744510978045,0.27672955974842767,0.625,0.5220820189274448,0.0,0.11728395061728403,0.11055276381909529
0.765625,8,0.05776173285198555,0.9719101123595505,0.382352941176471,0.0,0.625,0.5,0.626746506986028,0.3081761006289308,0.75,0.4716088328075711,0.0,0.11728395061728403,0.10552763819095468
0.875,2,0.20758122743682308,0.24157303370786518,0.382352941176471,0.00510204081632653,0.5104166666666666,0.5,0.8303393213572855,0.3081761006289308,0.625,0.4779179810725553,0.0,0.11728395061728403,0.09547738693467345
0.8125,2,0.4747292418772563,0.3820224719101123,0.4117647058823515,0.002040816326530612,0.6145833333333334,0.5,0.6327345309381238,0.3081761006289308,0.75,0.4258675078864354,0.0,0.11728395061728403,0.055276381909547645
0.6875,3,0.13718411552346568,0.3539325842696629,0.382352941176471,0.0,0.8333333333333334,0.25,0.5229540918163673,0.3081761006289308,0.875,0.4905362776025238,0.0,0.11111111111111116,0.0402010050251258
0.84375,1,0.04512635379061371,0.6629213483146067,0.5294117647058805,0.0,0.5729166666666666,0.0,0.6826347305389222,0.27672955974842767,0.0,0.4542586750788644,0.2,0.5185185185185186,0.4321608040201008
0.9375,0,0.13718411552346568,0.6067415730337078,0.4411764705882355,0.0,0.3645833333333333,0.5,0.7125748502994013,0.3081761006289308,1.0,0.18769716088328076,0.0,0.5185185185185186,0.40703517587939686
0.625,8,0.20758122743682308,0.550561797752809,0.5,0.0,0.8229166666666666,0.25,0.48702594810379246,0.27672955974842767,0.0,0.38643533123028395,0.0,0.5185185185185186,0.39698492462311563
0.5625,0,0.6046931407942238,0.3820224719101123,0.5588235294117645,0.0,0.9999999999999999,0.5,0.4650698602794411,0.24528301886792453,0.0,0.21924290220820192,0.8,0.5185185185185186,0.3869346733668344
0.521875,6,0.0848375451263538,0.21067415730337077,0.5294117647058805,0.03061224489795918,0.90625,0.6,0.405189620758483,0.3081761006289308,0.5,0.1987381703470032,0.2,0.3148148148148149,0.4673366834170851
0.521875,1,0.019855595667870027,0.22752808988764045,0.588235294117645,0.0,0.7916666666666666,0.0,0.405189620758483,0.3081761006289308,0.625,0.09148264984227131,0.6000000000000001,0.3333333333333335,0.4321608040201008
0.5,5,0.019855595667870027,0.3286516853932584,0.470588235294116,0.0,0.9375,0.77,0.39121756487025944,0.05660377358490566,0.5,0.1025236593059937,0.6000000000000001,0.3456790123456792,0.4170854271356781
0.46875,6,0.039711191335740054,0.22191011235955055,0.470588235294116,0.07142857142857141,0.9687499999999999,1.0,0.3712574850299401,0.3081761006289308,0.5,0.13091482649842273,0.0,0.382716049382716,0.36180904522613044
0.415625,3,0.0848375451263538,0.3539325842696629,0.5588235294117645,0.000510204081632653,0.8125,0.8,0.3373253493013972,0.3081761006289308,0.375,0.22082018927444796,0.0,0.4012345679012346,0.33668341708542737
0.4375,2,0.0,0.4943820224719101,0.705882352941174,0.00510204081632653,0.6666666666666666,0.25,0.35129740518962077,0.3081761006289308,0.0,0.023659305993690857,0.0,0.308641975308642,0.4271356783919593
0.40625,1,0.0072202166064981865,0.3539325842696629,0.735294117647058,0.0,0.7604166666666666,0.0,0.3313373253493014,0.3081761006289308,0.0,0.06466876971608834,0.2,0.37037037037037024,0.341708542713568
0.21875,4,0.20758122743682308,0.8876404494382022,0.705882352941174,0.0,0.65625,1.0,0.19960079840319364,0.3081761006289308,0.0,0.23817034700315465,0.0,0.33950617283950635,0.8442211055276383
0.28125,3,1.0,0.550561797752809,0.617647058823529,0.0,0.9375,0.75,0.2554890219560878,0.3081761006289308,0.0,0.13722397476340698,0.0,0.3518518518518521,0.8291457286432165
0.21875,3,0.37003610108303253,0.6910112359550561,0.352941176470587,0.0,0.7604166666666666,0.75,0.187624750499002,0.3081761006289308,0.0,0.23343848580441645,0.2,0.4814814814814814,0.6934673366834172
0.15625,2,0.37003610108303253,0.8876404494382022,0.705882352941174,0.0,0.6458333333333334,0.75,0.15568862275449102,0.3081761006289308,0.0,0.2271293375394322,0.0,0.5,0.6783919597989945
0.78125,1,0.09747292418772563,0.15730337078651685,0.1764705882352935,0.0,0.8333333333333334,0.0,0.6546906187624751,0.3081761006289308,0.0,0.23817034700315465,0.2,0.21604938271604945,0.20100502512562812
0.78125,1,0.04512635379061371,0.18539325842696627,0.1764705882352935,0.0,0.8333333333333334,0.0,0.6826347305389222,0.3081761006289308,0.0,0.194006309148265,0.2,0.22222222222222232,0.1909547738693469
0.78125,1,0.0072202166064981865,0.24157303370786518,0.235294117647058,0.0,0.6875,0.0,0.6287425149700598,0.3081761006289308,0.0,0.2634069400630915,0.4000000000000001,0.23456790123456805,0.16080402010050232
0.7,1,0.11010830324909746,0.19101123595505617,0.26470588235293846,0.0,0.5104166666666666,0.18,0.5349301397205589,0.3081761006289308,0.0,0.2555205047318612,0.6000000000000001,0.16666666666666696,0.2814070351758797
0.64375,3,0.10469314079422382,0.2050561797752809,0.2941176470588225,0.02040816326530612,0.6666666666666666,0.78,0.5149700598802396,0.27672955974842767,0.0,0.24447949526813884,0.6000000000000001,0.2098765432098766,0.20603015075376874
0.60625,3,0.07220216606498192,0.22191011235955055,0.26470588235293846,0.0030612244897959178,0.75,0.89,0.49700598802395207,0.3081761006289308,0.0,0.18296529968454261,0.6000000000000001,0.22222222222222232,0.1959798994974875
0.615625,3,0.05234657039711191,0.22191011235955055,0.382352941176471,0.02704081632653061,0.7291666666666666,0.8300000000000001,0.49900199600798395,0.27672955974842767,0.0,0.1545741324921136,0.8,0.2283950617283952,0.18090452261306567
0.59375,3,0.12996389891696752,0.12640449438202248,0.352941176470587,0.04948979591836734,0.7395833333333334,0.7000000000000001,0.48702594810379246,0.27672955974842767,0.0,0.3328075709779181,0.6000000000000001,0.23456790123456805,0.17587939698492416
0.6875,3,0.299638989169675,0.6629213483146067,0.20588235294117396,0.035714285714285705,0.8854166666666666,1.0,0.5728542914171657,0.3081761006289308,0.625,0.5962145110410095,0.0,0.17283950617283939,0.18592964824120628
0.625,3,0.0,0.6376404494382022,0.32352941176470296,0.08163265306122448,0.9999999999999999,1.0,0.5209580838323353,0.18238993710691825,0.625,0.8974763406940064,0.0,0.17283950617283939,0.18592964824120628
0.6875,3,0.16967509025270758,0.6629213483146067,0.26470588235293846,0.05612244897959184,0.9375,1.0,0.5928143712574852,0.27672955974842767,0.625,0.8186119873817036,0.0,0.17283950617283939,0.17587939698492416
0.625,3,0.3321299638989169,0.6910112359550561,0.32352941176470296,0.03061224489795918,0.9999999999999999,1.0,0.5189620758483035,0.18238993710691825,0.625,0.6356466876971609,0.0,0.17283950617283939,0.17085427135678355
0.71875,3,0.0,0.646067415730337,0.382352941176471,0.01020408163265306,0.8333333333333334,1.0,0.6247504990019961,0.3081761006289308,0.625,0.3186119873817035,0.0,0.17283950617283939,0.16582914572864293
0.71875,2,0.0,0.5926966292134831,0.4411764705882355,0.0,0.8333333333333334,0.5,0.6307385229540918,0.3081761006289308,0.0,0.2618296529968455,0.0,0.17901234567901225,0.13065326633165864
0.25,1,0.0,0.016853932584269662,0.7647058823529385,0.0,0.9375,0.0,0.22554890219560877,0.3081761006289308,0.0,0.18138801261829657,0.0,0.20370370370370372,0.5477386934673367
0.84375,1,0.13718411552346568,0.9438202247191011,0.26470588235293846,0.0,0.65625,0.0,0.718562874251497,0.3081761006289308,0.0,0.37539432176656157,0.4000000000000001,0.0370370370370372,0.0
0.53125,2,0.05776173285198555,0.15730337078651685,0.26470588235293846,0.0,0.6354166666666666,0.25,0.4610778443113772,0.3081761006289308,0.0,0.0741324921135647,0.0,0.48765432098765427,0.7236180904522609
0.4375,1,0.0072202166064981865,0.07303370786516854,0.705882352941174,0.0,0.6666666666666666,0.0,0.35129740518962077,0.3081761006289308,0.0,0.2618296529968455,0.0,0.5061728395061729,0.7035175879396984
0.4375,1,0.0,0.09831460674157302,0.735294117647058,0.0,0.46874999999999994,0.0,0.35129740518962077,0.3081761006289308,0.0,0.40378548895899063,0.0,0.5617283950617287,0.6331658291457289
0.375,1,0.05776173285198555,0.18539325842696627,0.823529411764703,0.0,0.7083333333333334,0.0,0.311377245508982,0.3081761006289308,0.0,0.25394321766561523,0.0,0.617283950617284,0.557788944723618
0.34375,2,0.20758122743682308,0.4101123595505618,0.5294117647058805,0.0,0.6666666666666666,0.75,0.29141716566866266,0.3081761006289308,0.25,0.21608832807570982,0.0,0.0740740740740744,0.6030150753768844
0.15625,5,0.05776173285198555,0.4662921348314607,0.735294117647058,0.0,0.9375,0.0,0.16367265469061876,0.13207547169811323,0.0,0.14195583596214512,0.0,0.21604938271604945,0.44221105527638205
0.4375,2,0.27978339350180503,0.550561797752809,0.705882352941174,0.0,0.49999999999999994,0.25,0.35129740518962077,0.3081761006289308,0.5,0.2728706624605679,0.0,0.2654320987654324,0.391959798994975
0.25,1,0.0,0.9634831460674157,0.823529411764703,0.0,0.8125,0.0,0.2215568862275449,0.3081761006289308,0.0,0.17034700315457418,0.0,0.27160493827160526,0.3768844221105523
0.15625,5,0.05776173285198555,0.297752808988764,0.7647058823529385,0.0,0.9375,0.0,0.15968063872255492,0.3081761006289308,0.0,0.17192429022082023,0.0,0.308641975308642,0.33668341708542737
0.40625,0,0.4422382671480144,0.8876404494382022,0.7647058823529385,0.0,0.9375,0.75,0.3313373253493014,0.3081761006289308,0.0,0.13091482649842273,0.2,0.2592592592592595,0.14572864321608048
0.40625,3,0.0,0.016853932584269662,0.7941176470588225,0.09183673469387754,0.9999999999999999,0.75,0.3313373253493014,0.27672955974842767,0.0,0.20977917981072558,0.0,0.23456790123456805,0.13065326633165864
0.4375,2,0.04512635379061371,0.7752808988764044,0.705882352941174,0.0,0.7708333333333334,0.5,0.35129740518962077,0.3081761006289308,0.0,0.15615141955835965,0.4000000000000001,0.2098765432098766,0.1155778894472359
0.75,2,0.16967509025270758,0.07303370786516854,0.5588235294117645,0.00510204081632653,0.8333333333333334,0.25,0.6427145708582835,0.3081761006289308,0.0,0.46529968454258686,0.0,0.2592592592592595,0.2361809045226133
0.78125,3,0.05776173285198555,0.6629213483146067,0.470588235294116,0.0,0.8333333333333334,0.25,0.6586826347305389,0.3081761006289308,0.75,0.08044164037854891,0.0,0.2592592592592595,0.2261306532663312
0.75,2,0.27978339350180503,0.07303370786516854,0.5,0.0015306122448979589,0.7395833333333334,0.25,0.6407185628742516,0.3081761006289308,0.625,0.3643533123028392,0.0,0.2654320987654324,0.1909547738693469
0.84375,2,0.4025270758122743,0.07303370786516854,0.5294117647058805,0.00510204081632653,0.65625,0.5,0.8263473053892215,0.3081761006289308,0.625,0.7097791798107257,0.0,0.46296296296296324,0.24623115577889454
0.8125,2,0.16967509025270758,0.6348314606741573,0.5588235294117645,0.0,0.6458333333333334,0.75,0.7644710578842316,0.3081761006289308,0.625,0.7271293375394322,0.0,0.46296296296296324,0.24623115577889454
0.75,2,0.0,0.2921348314606741,0.5294117647058805,0.01530612244897959,0.78125,0.75,0.656686626746507,0.3081761006289308,0.625,0.5,0.0,0.44444444444444464,0.24623115577889454
0.78125,2,0.0,0.2893258426966292,0.4411764705882355,0.0,0.7395833333333334,0.5,0.6906187624750499,0.3081761006289308,0.75,0.3186119873817035,0.0,0.4320987654320989,0.24623115577889454
0.75,2,0.24007220216606492,0.12921348314606743,0.5294117647058805,0.0,0.8333333333333334,0.75,0.6666666666666666,0.3081761006289308,0.75,0.6593059936908519,0.0,0.40740740740740744,0.24623115577889454
0.4375,1,0.0072202166064981865,0.5786516853932584,0.617647058823529,0.00510204081632653,0.7708333333333334,0.0,0.35129740518962077,0.3081761006289308,0.0,0.2791798107255521,0.0,0.4691358024691361,0.683417085427136
0.4375,1,0.0072202166064981865,0.6067415730337078,0.6764705882352935,0.0,0.9375,0.0,0.35129740518962077,0.3081761006289308,0.0,0.1593059936908518,0.0,0.574074074074074,0.5477386934673367
0.46875,2,0.04512635379061371,0.7752808988764044,0.6764705882352935,0.0,0.875,0.75,0.3712574850299401,0.3081761006289308,0.0,0.18138801261829657,0.0,0.5802469135802468,0.5376884422110555
0.5,2,0.0,0.5842696629213483,0.6764705882352935,0.0,0.8229166666666666,0.5,0.39121756487025944,0.3081761006289308,0.0,0.0993690851735016,0.0,0.5864197530864197,0.5276381909547734
0.5625,1,0.05776173285198555,0.7191011235955056,0.5294117647058805,0.0,0.5520833333333334,0.0,0.4710578842315369,0.3081761006289308,0.0,0.4305993690851736,0.2,0.5925925925925926,0.5175879396984921
0.8125,1,0.04512635379061371,0.07303370786516854,0.4411764705882355,0.0,0.1875,0.0,0.5748502994011976,0.3081761006289308,0.0,0.3075709779179811,0.4000000000000001,0.1049382716049383,0.20603015075376874
0.96875,1,0.05776173285198555,0.550561797752809,0.352941176470587,0.0,0.07291666666666666,0.0,0.6586826347305389,0.3081761006289308,0.0,0.08517350157728708,0.4000000000000001,0.13580246913580263,0.14572864321608048
0.78125,1,0.0,0.016853932584269662,0.470588235294116,0.0,0.20833333333333334,0.0,0.530938123752495,0.2138364779874214,0.0,0.2839116719242903,0.6000000000000001,0.1419753086419755,0.12060301507537652
0.8125,1,0.05776173285198555,0.3258426966292135,0.4411764705882355,0.0,0.10416666666666666,0.0,0.5469061876247505,0.3081761006289308,0.0,0.3012618296529969,0.4000000000000001,0.1419753086419755,0.1155778894472359
0.7125,6,0.4350180505415162,0.5365168539325842,0.470588235294116,0.01020408163265306,0.7916666666666666,0.54,0.6047904191616766,0.3081761006289308,0.0,0.6025236593059937,0.0,0.6234567901234569,0.5527638190954773
0.6875,0,0.0,0.016853932584269662,0.470588235294116,0.01020408163265306,0.9375,0.25,0.5868263473053893,0.3081761006289308,0.0,0.24447949526813884,0.0,0.6296296296296298,0.5326633165829149
0.59375,8,0.4747292418772563,0.3820224719101123,0.588235294117645,0.01530612244897959,0.9999999999999999,0.75,0.48902195608782434,0.08805031446540881,0.0,0.37539432176656157,0.0,0.6296296296296298,0.5276381909547734
0.75,0,0.0,0.016853932584269662,0.4411764705882355,0.0,0.8333333333333334,0.25,0.6526946107784432,0.3081761006289308,0.0,0.17034700315457418,0.2,0.6296296296296298,0.5125628140703515
0.34375,1,0.13718411552346568,0.6348314606741573,0.4411764705882355,0.02040816326530612,0.9999999999999999,0.0,0.29141716566866266,0.3081761006289308,0.0,0.23817034700315465,0.0,0.2592592592592595,0.5376884422110555
0.3125,1,0.13718411552346568,0.8876404494382022,0.7647058823529385,0.0,0.9375,0.0,0.26746506986027946,0.3081761006289308,0.0,0.21608832807570982,0.0,0.28395061728395055,0.4974874371859297
0.575,7,0.17509025270758122,0.7162921348314606,0.5588235294117645,1.0,0.9583333333333334,1.0,0.48702594810379246,0.1509433962264151,0.0,0.3186119873817035,0.0,0.5493827160493829,0.44723618090452266
0.625,7,0.27978339350180503,0.6348314606741573,0.5,0.06122448979591836,0.8854166666666666,0.75,0.5289421157684631,0.18238993710691825,0.0,0.7334384858044165,0.0,0.5432098765432101,0.43718592964824143
0.615625,3,0.14981949458483754,0.4719101123595505,0.588235294117645,0.00510204081632653,0.8541666666666666,0.55,0.5129740518962077,0.3081761006289308,0.0,0.29495268138801267,0.0,0.5432098765432101,0.4321608040201008
0.634375,4,0.15523465703971118,0.797752808988764,0.588235294117645,0.0,0.8333333333333334,0.65,0.5249500998003992,0.3081761006289308,0.0,0.3012618296529969,0.0,0.5432098765432101,0.4271356783919593
0.71875,2,0.16967509025270758,0.6067415730337078,0.4411764705882355,0.0,0.6875,0.75,0.5928143712574852,0.3081761006289308,0.75,0.24447949526813884,0.0,0.5370370370370372,0.40703517587939686
0.6375,4,0.16245487364620936,0.598314606741573,0.5588235294117645,0.0,0.8645833333333334,0.67,0.532934131736527,0.3081761006289308,0.0,0.3012618296529969,0.0,0.5370370370370372,0.40201005025125625
0.65,3,0.14259927797833935,0.648876404494382,0.5588235294117645,0.017857142857142853,0.84375,0.73,0.5429141716566867,0.27672955974842767,0.0,0.27444794952681395,0.0,0.5370370370370372,0.39698492462311563
0.65,6,0.11010830324909746,0.7584269662921348,0.5294117647058805,0.15663265306122445,0.875,0.5700000000000001,0.5508982035928144,0.2138364779874214,0.0,0.2507886435331231,0.0,0.5308641975308643,0.3869346733668344
0.71875,2,0.05776173285198555,0.18539325842696627,0.4411764705882355,0.0,0.78125,0.75,0.6087824351297405,0.3081761006289308,0.0,0.34700315457413256,0.0,0.6481481481481484,0.48743718592964846
0.625,2,0.0,0.4578651685393258,0.4117647058823515,0.0,0.9999999999999999,0.75,0.5089820359281437,0.27672955974842767,0.0,0.2791798107255521,0.2,0.6481481481481484,0.48241206030150785
0.6875,3,0.05776173285198555,0.016853932584269662,0.4411764705882355,0.0,0.8854166666666666,0.75,0.5728542914171657,0.24528301886792453,0.75,0.3075709779179811,0.2,0.6296296296296298,0.4623115577889445
0.71875,2,0.05776173285198555,0.18539325842696627,0.4411764705882355,0.0,0.8333333333333334,0.75,0.6107784431137725,0.3081761006289308,0.0,0.4211356466876972,0.0,0.617283950617284,0.4572864321608039
0.28125,4,0.0,0.019662921348314606,0.32352941176470296,0.0,0.9375,1.0,0.26546906187624747,0.3081761006289308,0.0,0.034700315457413256,0.0,0.38888888888888884,0.6633165829145726
0.4375,3,0.27978339350180503,0.297752808988764,0.705882352941174,0.0,0.875,0.75,0.35129740518962077,0.3081761006289308,0.625,0.14195583596214512,0.0,0.5061728395061729,0.5175879396984921
0.34375,2,0.0,0.7191011235955056,0.705882352941174,0.0,0.9375,0.25,0.29141716566866266,0.3081761006289308,0.0,0.09621451104100948,0.0,0.5246913580246915,0.4974874371859297
0.40625,6,0.0,0.8174157303370786,0.5294117647058805,0.0,0.9999999999999999,0.75,0.3313373253493014,0.2138364779874214,0.0,0.09779179810725554,0.0,0.5370370370370372,0.47738693467336635
0.6875,3,0.0072202166064981865,0.3342696629213483,0.5588235294117645,0.04591836734693877,0.7916666666666666,0.86,0.5768463073852296,0.27672955974842767,0.625,0.1025236593059937,0.0,0.4135802469135803,0.2261306532663312
0.75625,1,0.20758122743682308,0.2584269662921348,0.5294117647058805,0.0,0.65625,0.04,0.6247504990019961,0.3081761006289308,0.75,0.2618296529968455,0.0,0.40740740740740744,0.2261306532663312
0.6875,3,0.0,0.3286516853932584,0.5294117647058805,0.02040816326530612,0.7604166666666666,0.72,0.5688622754491018,0.27672955974842767,0.625,0.05205047318611988,0.0,0.35802469135802495,0.22110552763819058
0.28125,1,0.05776173285198555,0.4382022471910112,0.882352941176471,0.0,0.19791666666666666,0.0,0.25149700598802394,0.3081761006289308,0.0,0.20504731861198738,0.8,0.35802469135802495,0.12060301507537652
0.5625,1,0.0072202166064981865,0.9438202247191011,0.5294117647058805,0.0,0.8229166666666666,0.0,0.4710578842315369,0.3081761006289308,0.625,0.0741324921135647,0.6000000000000001,0.28395061728395055,0.44723618090452266
0.5625,3,0.0072202166064981865,0.0449438202247191,0.5,0.0,0.9375,0.75,0.47504990019960075,0.27672955974842767,0.625,0.10883280757097794,0.4000000000000001,0.33950617283950635,0.36180904522613044
0.46875,3,0.0,0.4662921348314607,0.588235294117645,0.08163265306122448,0.9999999999999999,1.0,0.3712574850299401,0.3081761006289308,0.375,0.1593059936908518,0.0,0.3456790123456792,0.3467336683417086
0.53125,2,0.04512635379061371,0.12921348314606743,0.5294117647058805,0.02040816326530612,0.9999999999999999,0.75,0.4630738522954092,0.3081761006289308,0.5,0.0741324921135647,0.0,0.3518518518518521,0.341708542713568
0.46875,1,0.04512635379061371,0.6348314606741573,0.6764705882352935,0.0,0.46874999999999994,0.0,0.3712574850299401,0.3081761006289308,0.625,0.011041009463722398,0.0,0.882716049382716,1.0
0.34375,2,0.04512635379061371,0.016853932584269662,0.6470588235294095,0.11734693877551018,0.875,0.75,0.29141716566866266,0.24528301886792453,0.0,0.4779179810725553,0.0,0.9074074074074074,0.9698492462311554
0.375,4,0.0,0.016853932584269662,0.588235294117645,0.02040816326530612,0.9375,1.0,0.311377245508982,0.27672955974842767,0.0,0.414826498422713,0.0,0.9135802469135803,0.9597989949748742
0.5625,8,0.04512635379061371,0.07303370786516854,0.6470588235294095,0.0,0.6770833333333334,0.75,0.4650698602794411,0.3081761006289308,0.0,0.38012618296529976,0.0,0.9444444444444446,0.9195979899497484
0.4375,5,0.09747292418772563,0.12921348314606743,0.705882352941174,0.01020408163265306,0.875,0.75,0.35129740518962077,0.1509433962264151,0.0,0.17665615141955837,0.0,0.9506172839506175,0.9095477386934672
0.3125,2,0.13718411552346568,0.3820224719101123,0.6470588235294095,0.0,0.9375,0.25,0.2475049900199601,0.3081761006289308,0.0,0.4495268138801263,0.0,0.9938271604938271,0.8442211055276383
0.65625,7,0.20758122743682308,0.6629213483146067,0.382352941176471,0.0,0.9375,0.5,0.5548902195608783,0.27672955974842767,0.0,0.46529968454258686,0.0,0.2962962962962963,0.2311557788944727
0.625,2,0.13718411552346568,0.4662921348314607,0.382352941176471,0.0,0.9375,0.75,0.5289421157684631,0.3081761006289308,0.0,0.5063091482649842,0.0,0.2901234567901234,0.22110552763819058
0.84375,0,0.30505415162454874,0.6095505617977528,0.352941176470587,0.0,0.37499999999999994,0.5,0.6287425149700598,0.27672955974842767,0.0,0.40851735015772883,0.2,0.13580246913580263,0.14572864321608048
0.75625,1,0.24729241877256317,0.4859550561797753,0.470588235294116,0.0,0.49999999999999994,0.04,0.5808383233532934,0.3081761006289308,0.0,0.35173501577287075,0.2,0.13580246913580263,0.13567839195979925
0.95625,2,0.2671480144404331,0.5421348314606741,0.26470588235293846,0.0,0.26041666666666663,0.28,0.6926147704590819,0.3081761006289308,0.0,0.4369085173501578,0.2,0.13580246913580263,0.12562814070351713
0.953125,1,0.12996389891696752,0.7668539325842696,0.32352941176470296,0.0,0.11458333333333334,0.17,0.6467065868263473,0.3081761006289308,0.0,0.2807570977917982,0.2,0.1419753086419755,0.08542713567839222
0.8812500000000001,1,0.25992779783393505,0.5646067415730337,0.352941176470587,0.0,0.3020833333333333,0.08,0.6387225548902196,0.3081761006289308,0.0,0.4227129337539433,0.2,0.1419753086419755,0.08542713567839222
0.95625,1,0.30505415162454874,0.4803370786516854,0.32352941176470296,0.0,0.26041666666666663,0.18,0.6906187624750499,0.3081761006289308,0.0,0.43217665615141965,0.4000000000000001,0.1419753086419755,0.07035175879396949
0.28125,3,0.0,0.016853932584269662,0.352941176470587,0.02040816326530612,0.9375,0.75,0.26546906187624747,0.3081761006289308,0.0,0.017350157728706628,0.0,0.1419753086419755,0.7236180904522609
0.375,1,0.16967509025270758,0.6348314606741573,0.6470588235294095,0.0,0.8229166666666666,0.0,0.311377245508982,0.3081761006289308,0.0,0.38643533123028395,0.0,0.21604938271604945,0.6482412060301508
0.3125,4,0.16967509025270758,0.15730337078651685,0.7647058823529385,0.0,0.7604166666666666,1.0,0.2714570858283433,0.3081761006289308,0.0,0.20504731861198738,0.0,0.2283950617283952,0.6331658291457289
0.15625,1,0.0,0.016853932584269662,1.0,0.0,0.9999999999999999,0.0,0.14970059880239522,0.3081761006289308,0.0,0.2728706624605679,0.0,0.24074074074074092,0.6180904522613062
0.3125,2,0.0,0.5646067415730337,0.735294117647058,0.0,0.9999999999999999,0.25,0.2774451097804391,0.24528301886792453,0.0,0.165615141955836,0.0,0.27160493827160526,0.5879396984924625
0.3125,4,0.13718411552346568,0.4101123595505618,0.4411764705882355,0.0,0.9999999999999999,1.0,0.2554890219560878,0.3081761006289308,0.0,0.4258675078864354,0.0,0.308641975308642,0.5477386934673367
0.34375,4,0.27978339350180503,0.3258426966292135,0.32352941176470296,0.0,0.875,1.0,0.29141716566866266,0.3081761006289308,0.0,0.5678233438485806,0.0,0.40740740740740744,0.44221105527638205
0.34375,7,0.13718411552346568,0.5786516853932584,0.14705882352940947,0.000510204081632653,0.9375,0.75,0.29141716566866266,0.3081761006289308,0.0,0.21135646687697163,0.0,0.46296296296296324,0.3768844221105523
0.53125,1,0.04512635379061371,0.2696629213483146,0.5,0.0,0.26041666666666663,0.0,0.4171656686626746,0.3081761006289308,0.0,0.165615141955836,0.2,0.3518518518518521,0.391959798994975
0.375,1,0.0072202166064981865,0.016853932584269662,0.617647058823529,0.0,0.6145833333333334,0.0,0.311377245508982,0.3081761006289308,0.0,0.06309148264984228,0.0,0.25308641975308666,0.3869346733668344
0.375,1,0.0,0.10393258426966293,0.5588235294117645,0.0,0.4583333333333333,0.0,0.311377245508982,0.3081761006289308,0.0,0.13091482649842273,0.0,0.2654320987654324,0.36683417085427106
0.40625,1,0.05776173285198555,0.297752808988764,0.5588235294117645,0.0,0.625,0.0,0.3313373253493014,0.2138364779874214,0.0,0.034700315457413256,0.2,0.3148148148148149,0.29648241206030157
0.8125,2,0.05776173285198555,0.5786516853932584,0.382352941176471,0.0,0.6979166666666666,0.25,0.6686626746506986,0.3081761006289308,0.875,0.165615141955836,0.2,0.308641975308642,0.29145728643216096
0.6875,2,0.20758122743682308,0.6629213483146067,0.32352941176470296,0.0,0.8333333333333334,0.25,0.5928143712574852,0.3081761006289308,0.0,0.14826498422712936,0.2,0.3148148148148149,0.2361809045226133
0.5,8,0.0,0.997191011235955,0.617647058823529,0.08163265306122448,0.71875,0.75,0.39121756487025944,0.3081761006289308,0.0,0.13091482649842273,0.0,0.3765432098765431,0.5326633165829149
0.5,1,0.0,0.016853932584269662,0.5294117647058805,0.0,0.37499999999999994,0.0,0.39121756487025944,0.3081761006289308,0.0,0.17034700315457418,0.2,0.5,0.608040201005025
0.5,2,0.13718411552346568,0.7752808988764044,0.823529411764703,0.0,0.5104166666666666,0.75,0.39121756487025944,0.3081761006289308,0.0,0.24290220820189284,0.0,0.5864197530864197,0.48241206030150785
0.375,1,0.05776173285198555,0.8033707865168539,0.7647058823529385,0.0,0.4270833333333333,0.0,0.311377245508982,0.3081761006289308,0.0,0.2350157728706625,0.0,0.5925925925925926,0.47738693467336635
0.875,2,0.20758122743682308,0.2696629213483146,0.5,0.00510204081632653,0.7916666666666666,0.5,0.8762475049900199,0.3081761006289308,0.0,0.46056782334384866,0.0,0.308641975308642,0.14572864321608048
0.6875,4,0.0,0.016853932584269662,0.5,0.0,0.9375,1.0,0.5708582834331338,0.3081761006289308,0.625,0.5110410094637224,0.0,0.2654320987654324,0.13567839195979925
0.8125,2,0.05776173285198555,0.21348314606741572,0.470588235294116,0.0,0.8333333333333334,0.75,0.7644710578842316,0.3081761006289308,0.75,0.46529968454258686,0.0,0.2592592592592595,0.13567839195979925
0.8125,4,0.05776173285198555,0.24157303370786518,0.4411764705882355,0.002040816326530612,0.8333333333333334,0.75,0.7345309381237526,0.3081761006289308,0.625,0.5630914826498423,0.0,0.24074074074074092,0.13567839195979925
0.7625,1,0.16245487364620936,0.4410112359550562,0.2941176470588225,0.0,0.38541666666666663,0.02,0.5608782435129741,0.3081761006289308,0.75,0.21608832807570982,0.0,0.4814814814814814,0.8140703517587937
0.90625,2,0.13718411552346568,0.9157303370786516,0.20588235294117396,0.0,0.6145833333333334,0.25,0.8443113772455091,0.3081761006289308,0.0,0.3075709779179811,0.4000000000000001,0.2962962962962963,0.341708542713568
0.875,2,0.04512635379061371,0.18539325842696627,0.20588235294117396,0.0,0.7395833333333334,0.25,0.8263473053892215,0.3081761006289308,0.0,0.21608832807570982,0.4000000000000001,0.30246913580246915,0.32663316582914526
0.875,1,0.04512635379061371,0.6348314606741573,0.14705882352940947,0.0,0.7916666666666666,0.0,0.812375249500998,0.3081761006289308,0.0,0.13722397476340698,0.4000000000000001,0.308641975308642,0.3015075376884422
0.9375,5,0.20758122743682308,0.9438202247191011,0.117647058823529,0.0,0.6979166666666666,0.0,1.0,0.05660377358490566,0.875,0.37539432176656157,0.4000000000000001,0.32098765432098775,0.2763819095477382
0.84375,5,0.04512635379061371,0.10112359550561797,0.14705882352940947,0.0,0.8333333333333334,0.0,0.8303393213572855,0.08805031446540881,0.0,0.29022082018927453,0.6000000000000001,0.32098765432098775,0.2763819095477382
0.3125,3,0.05776173285198555,0.3539325842696629,0.4117647058823515,0.0,0.9375,1.0,0.2874251497005988,0.3081761006289308,0.0,0.045741324921135654,0.0,0.33950617283950635,0.6884422110552766
0.375,5,0.05776173285198555,0.18539325842696627,0.9117647058823515,0.0,0.875,0.0,0.311377245508982,0.24528301886792453,0.0,0.17665615141955837,0.0,0.3641975308641978,0.6532663316582914
0.5,2,0.0,0.7191011235955056,0.617647058823529,0.0,0.71875,0.25,0.39121756487025944,0.3081761006289308,0.0,0.11987381703470033,0.2,0.40740740740740744,0.608040201005025
0.5,4,0.0,0.747191011235955,0.617647058823529,0.0,0.7708333333333334,1.0,0.39121756487025944,0.3081761006289308,0.0,0.09621451104100948,0.4000000000000001,0.4135802469135803,0.5979899497487438
0.46875,5,0.09747292418772563,0.5786516853932584,0.5294117647058805,0.0,0.8229166666666666,0.75,0.3712574850299401,0.3081761006289308,0.0,0.20504731861198738,0.2,0.4382716049382718,0.5728643216080398
0.40625,4,0.4747292418772563,0.6629213483146067,0.26470588235293846,0.000510204081632653,0.7604166666666666,1.0,0.3313373253493014,0.3081761006289308,0.0,0.5410094637223976,0.0,0.5246913580246915,0.47236180904522573
0.28125,4,0.13718411552346568,0.7752808988764044,0.0,0.03775510204081632,0.9375,1.0,0.2335329341317365,0.3081761006289308,0.0,0.2807570977917982,0.0,0.5370370370370372,0.4572864321608039
0.21875,4,0.0072202166064981865,0.3820224719101123,0.029411764705880472,0.016326530612244896,0.9375,1.0,0.2095808383233533,0.3081761006289308,0.0,0.11987381703470033,0.0,0.5432098765432101,0.44723618090452266
0.3125,1,0.04512635379061371,0.016853932584269662,0.5,0.0,0.7083333333333334,0.0,0.26347305389221554,0.3081761006289308,0.0,0.33596214511041017,0.0,0.6851851851851851,0.25628140703517577
0.21875,4,0.299638989169675,0.2696629213483146,0.7941176470588225,0.0,0.65625,1.0,0.15768463073852299,0.3081761006289308,0.0,0.6876971608832808,0.0,0.6234567901234569,0.2814070351758797
0.25,2,0.13718411552346568,0.8595505617977528,0.7647058823529385,0.0,0.41666666666666663,0.25,0.21357285429141717,0.3081761006289308,0.375,0.20977917981072558,0.2,0.5555555555555558,0.3115577889447234
0.625,1,0.13718411552346568,0.8314606741573033,0.5588235294117645,0.0,0.17708333333333334,0.0,0.44910179640718556,0.3081761006289308,0.0,0.40851735015772883,0.0,0.28395061728395055,0.3115577889447234
0.375,1,0.13718411552346568,1.0,0.735294117647058,0.0,0.3958333333333333,0.0,0.311377245508982,0.3081761006289308,0.0,0.28548895899053633,0.0,0.3271604938271606,0.25125628140703515
0.53125,4,0.27978339350180503,0.2696629213483146,0.5294117647058805,0.13265306122448978,0.9999999999999999,1.0,0.4610778443113772,0.3081761006289308,0.0,1.0000000000000002,0.0,0.25308641975308666,0.030150753768844574
0.59375,7,0.299638989169675,0.24157303370786518,0.470588235294116,0.1530612244897959,0.8854166666666666,0.75,0.4950099800399201,0.025157232704402517,0.5,0.9369085173501579,0.0,0.2469135802469138,0.03517587939698519
0.71875,2,0.09747292418772563,0.016853932584269662,0.470588235294116,0.06632653061224489,0.78125,0.75,0.6447105788423154,0.3081761006289308,0.625,0.5110410094637224,0.0,0.2469135802469138,0.03517587939698519
0.6875,2,0.4747292418772563,0.297752808988764,0.6470588235294095,0.00510204081632653,0.78125,0.75,0.594810379241517,0.3081761006289308,0.5,0.7160883280757099,0.0,0.22222222222222232,0.03517587939698519
0.625,4,0.4025270758122743,0.3258426966292135,0.617647058823529,0.0,0.78125,1.0,0.5109780439121757,0.3081761006289308,0.5,0.7050473186119874,0.0,0.18518518518518512,0.045226130653266416
0.546875,7,0.09747292418772563,0.16292134831460672,0.5,0.18367346938775508,0.9375,1.0,0.46906187624750495,0.2138364779874214,0.0,0.18769716088328076,0.0,0.17283950617283939,0.045226130653266416
0.59375,4,0.09747292418772563,0.21348314606741572,0.5,0.0,0.9999999999999999,1.0,0.4910179640718562,0.3081761006289308,0.75,0.3974763406940064,0.0,0.17283950617283939,0.045226130653266416
0.6875,2,0.27978339350180503,0.24157303370786518,0.5588235294117645,0.000510204081632653,0.6875,0.25,0.56686626746507,0.3081761006289308,0.625,0.7082018927444796,0.0,0.1419753086419755,0.05025125628140703
0.5125,3,0.0,0.4887640449438202,0.5,0.0,0.8854166666666666,0.75,0.39920159680638717,0.3081761006289308,0.625,0.09305993690851735,0.0,0.3765432098765431,0.2613065326633164
0.37187499999999996,1,0.23465703971119137,0.1797752808988764,0.6764705882352935,0.0,0.41666666666666663,0.02,0.30938123752495006,0.3081761006289308,0.0,0.414826498422713,0.0,0.28395061728395055,0.0804020100502516
0.453125,1,0.03249097472924188,0.0646067415730337,0.5588235294117645,0.0,0.31249999999999994,0.0,0.35928143712574845,0.3081761006289308,0.0,0.165615141955836,0.2,0.21604938271604945,0.09045226130653283
0.37812500000000004,1,0.17509025270758122,0.1601123595505618,0.6470588235294095,0.0,0.5520833333333334,0.03,0.313373253493014,0.3081761006289308,0.0,0.33911671924290226,0.0,0.20370370370370372,0.09045226130653283
